t;mass A;mass B;mass C;mass D;mass E;mass F;mass G;mass H;mass I;mass J;mass K;mass L;mass M;mass N;mass O
0.000000E0;7.840498E-2;;;;;;;;;;;;;;
3.334453E-2;7.841789E-2;;;;;;;;;;;;;;
6.668905E-2;7.856228E-2;;;;;;;;;;;;;;
1.000336E-1;7.836279E-2;;;;;;;;;;;;;;
1.333781E-1;7.837371E-2;;;;;;;;;;;;;;
1.667226E-1;7.834880E-2;;;;;;;;;;;;;;
2.000672E-1;7.835137E-2;;;;;;;;;;;;;;
2.334117E-1;7.818097E-2;;;;;;;;;;;;;;
2.667562E-1;7.824461E-2;;;;;;;;;;;;;;
3.001007E-1;7.886554E-2;;;;;;;;;;;;;;
3.334453E-1;7.894997E-2;;;;;;;;;;;;;;
3.667898E-1;7.879187E-2;;;;;;;;;;;;;;
4.001343E-1;7.863944E-2;;;;;;;;;;;;;;
4.334788E-1;7.877969E-2;;;;;;;;;;;;;;
4.668234E-1;8.200906E-2;;;;;;;;;;;;;;
5.001679E-1;9.249146E-2;;;;;;;;;;;;;;
5.335124E-1;1.087426E-1;;;;;;;;;;;;;;
5.668569E-1;1.251119E-1;;;;;;;;;;;;;;
6.002015E-1;1.416649E-1;;;;;;;;;;;;;;
6.335460E-1;1.596145E-1;;;;;;;;;;;;;;
6.668905E-1;1.757815E-1;;;;;;;;;;;;;;
7.002350E-1;1.924227E-1;;;;;;;;;;;;;;
7.335796E-1;2.089706E-1;;;;;;;;;;;;;;
7.669241E-1;2.258821E-1;;;;;;;;;;;;;;
8.002686E-1;2.432527E-1;;;;;;;;;;;;;;
8.336131E-1;2.602192E-1;;;;;;;;;;;;;;
8.669577E-1;2.768415E-1;;;;;;;;;;;;;;
9.003022E-1;2.930473E-1;;;;;;;;;;;;;;
9.336467E-1;3.096710E-1;;;;;;;;;;;;;;
9.669912E-1;3.273981E-1;;;;;;;;;;;;;;
1.000336E0;3.461853E-1;;;;;;;;;;;;;;
1.033680E0;3.633905E-1;;;;;;;;;;;;;;
1.067025E0;3.813696E-1;;;;;;;;;;;;;;
1.100369E0;3.993290E-1;;;;;;;;;;;;;;
1.133714E0;4.168130E-1;;;;;;;;;;;;;;
1.167058E0;4.342861E-1;;;;;;;;;;;;;;
1.200403E0;4.524585E-1;;;;;;;;;;;;;;
1.233747E0;4.705556E-1;;;;;;;;;;;;;;
1.267092E0;4.884080E-1;;;;;;;;;;;;;;
1.300437E0;5.064893E-1;;;;;;;;;;;;;;
1.333781E0;5.244877E-1;;;;;;;;;;;;;;
1.367126E0;5.428471E-1;;;;;;;;;;;;;;
1.400470E0;5.608370E-1;;;;;;;;;;;;;;
1.433815E0;5.794542E-1;;;;;;;;;;;;;;
1.467159E0;5.979773E-1;;;;;;;;;;;;;;
1.500504E0;6.168688E-1;;;;;;;;;;;;;;
1.533848E0;6.352376E-1;;;;;;;;;;;;;;
1.567193E0;6.538505E-1;;;;;;;;;;;;;;
1.600537E0;6.724769E-1;;;;;;;;;;;;;;
1.633882E0;6.913839E-1;;;;;;;;;;;;;;
1.667226E0;7.104544E-1;;;;;;;;;;;;;;
1.700571E0;7.294033E-1;;;;;;;;;;;;;;
1.733915E0;7.484184E-1;;;;;;;;;;;;;;
1.767260E0;7.682888E-1;;;;;;;;;;;;;;
1.800604E0;7.877795E-1;;;;;;;;;;;;;;
1.833949E0;8.075119E-1;;;;;;;;;;;;;;
1.867293E0;8.276387E-1;;;;;;;;;;;;;;
1.900638E0;8.477161E-1;;;;;;;;;;;;;;
1.933982E0;8.679990E-1;;;;;;;;;;;;;;
1.967327E0;8.883935E-1;;;;;;;;;;;;;;
2.000672E0;9.087230E-1;;;;;;;;;;;;;;
2.034016E0;9.305540E-1;;;;;;;;;;;;;;
2.067361E0;9.505330E-1;;;;;;;;;;;;;;
2.100705E0;9.714435E-1;;;;;;;;;;;;;;
2.134050E0;9.924007E-1;;;;;;;;;;;;;;
2.167394E0;1.013685E0;;;;;;;;;;;;;;
2.200739E0;1.035095E0;;;;;;;;;;;;;;
2.234083E0;1.056891E0;;;;;;;;;;;;;;
2.267428E0;1.078593E0;;;;;;;;;;;;;;
2.300772E0;1.100250E0;;;;;;;;;;;;;;
2.334117E0;1.122328E0;;;;;;;;;;;;;;
2.367461E0;1.143662E0;;;;;;;;;;;;;;
2.400806E0;1.165679E0;;;;;;;;;;;;;;
2.434150E0;1.186347E0;;;;;;;;;;;;;;
2.467495E0;1.208001E0;;;;;;;;;;;;;;
7.335796E0;;8.268760E-2;;;;;;;;;;;;;
7.369140E0;;9.230540E-2;;;;;;;;;;;;;
7.402485E0;;1.084831E-1;;;;;;;;;;;;;
7.435829E0;;1.249504E-1;;;;;;;;;;;;;
7.469174E0;;1.410930E-1;;;;;;;;;;;;;
7.502518E0;;1.569460E-1;;;;;;;;;;;;;
7.535863E0;;1.771382E-1;;;;;;;;;;;;;
7.569207E0;;1.929912E-1;;;;;;;;;;;;;
7.602552E0;;2.097797E-1;;;;;;;;;;;;;
7.635896E0;;2.247076E-1;;;;;;;;;;;;;
7.669241E0;;2.439643E-1;;;;;;;;;;;;;
7.702585E0;;2.607423E-1;;;;;;;;;;;;;
7.735930E0;;2.762740E-1;;;;;;;;;;;;;
7.769274E0;;2.949268E-1;;;;;;;;;;;;;
7.802619E0;;3.123438E-1;;;;;;;;;;;;;
7.835964E0;;3.291113E-1;;;;;;;;;;;;;
7.869308E0;;3.477606E-1;;;;;;;;;;;;;
7.902653E0;;3.664064E-1;;;;;;;;;;;;;
7.935997E0;;3.834881E-1;;;;;;;;;;;;;
7.969342E0;;4.005874E-1;;;;;;;;;;;;;
8.002686E0;;4.192331E-1;;;;;;;;;;;;;
8.036031E0;;4.347859E-1;;;;;;;;;;;;;
8.069375E0;;4.556101E-1;;;;;;;;;;;;;
8.102720E0;;4.726989E-1;;;;;;;;;;;;;
8.136064E0;;4.925839E-1;;;;;;;;;;;;;
8.169409E0;;5.084158E-1;;;;;;;;;;;;;
8.202753E0;;5.276900E-1;;;;;;;;;;;;;
8.236098E0;;5.460321E-1;;;;;;;;;;;;;
8.269442E0;;5.640495E-1;;;;;;;;;;;;;
8.302787E0;;5.839416E-1;;;;;;;;;;;;;
8.336131E0;;6.032052E-1;;;;;;;;;;;;;
8.369476E0;;6.203010E-1;;;;;;;;;;;;;
8.402820E0;;6.404968E-1;;;;;;;;;;;;;
8.436165E0;;6.600571E-1;;;;;;;;;;;;;
8.469510E0;;6.784203E-1;;;;;;;;;;;;;
8.502854E0;;6.958092E-1;;;;;;;;;;;;;
8.536199E0;;7.141513E-1;;;;;;;;;;;;;
8.569543E0;;7.349755E-1;;;;;;;;;;;;;
8.602888E0;;7.573357E-1;;;;;;;;;;;;;
8.636232E0;;7.778492E-1;;;;;;;;;;;;;
8.669577E0;;7.949695E-1;;;;;;;;;;;;;
8.702921E0;;8.136013E-1;;;;;;;;;;;;;
8.736266E0;;8.347397E-1;;;;;;;;;;;;;
8.769610E0;;8.567927E-1;;;;;;;;;;;;;
8.802955E0;;8.769920E-1;;;;;;;;;;;;;
8.836299E0;;8.959450E-1;;;;;;;;;;;;;
8.869644E0;;9.167587E-1;;;;;;;;;;;;;
8.902988E0;;9.366508E-1;;;;;;;;;;;;;
8.936333E0;;9.590285E-1;;;;;;;;;;;;;
8.969677E0;;9.789206E-1;;;;;;;;;;;;;
9.003022E0;;1.003159E0;;;;;;;;;;;;;
9.036366E0;;1.025840E0;;;;;;;;;;;;;
9.069711E0;;1.045411E0;;;;;;;;;;;;;
9.103056E0;;1.068418E0;;;;;;;;;;;;;
9.136400E0;;1.088299E0;;;;;;;;;;;;;
9.169745E0;;1.108488E0;;;;;;;;;;;;;
9.203089E0;;1.133987E0;;;;;;;;;;;;;
9.236434E0;;1.157607E0;;;;;;;;;;;;;
9.269778E0;;1.177475E0;;;;;;;;;;;;;
9.303123E0;;1.200505E0;;;;;;;;;;;;;
9.336467E0;;1.219451E0;;;;;;;;;;;;;
1.493835E1;;;7.885997E-2;;;;;;;;;;;;
1.497169E1;;;8.084975E-2;;;;;;;;;;;;
1.500504E1;;;9.117490E-2;;;;;;;;;;;;
1.503838E1;;;1.109055E-1;;;;;;;;;;;;
1.507173E1;;;1.296608E-1;;;;;;;;;;;;
1.510507E1;;;1.439933E-1;;;;;;;;;;;;
1.513841E1;;;1.612521E-1;;;;;;;;;;;;
1.517176E1;;;1.819692E-1;;;;;;;;;;;;
1.520510E1;;;2.012010E-1;;;;;;;;;;;;
1.523845E1;;;2.199507E-1;;;;;;;;;;;;
1.527179E1;;;2.342666E-1;;;;;;;;;;;;
1.530514E1;;;2.520464E-1;;;;;;;;;;;;
1.533848E1;;;2.727524E-1;;;;;;;;;;;;
1.537183E1;;;2.910033E-1;;;;;;;;;;;;
1.540517E1;;;3.092374E-1;;;;;;;;;;;;
1.543852E1;;;3.284859E-1;;;;;;;;;;;;
1.547186E1;;;3.452569E-1;;;;;;;;;;;;
1.550520E1;;;3.644999E-1;;;;;;;;;;;;
1.553855E1;;;3.837372E-1;;;;;;;;;;;;
1.557189E1;;;4.010238E-1;;;;;;;;;;;;
1.560524E1;;;4.192747E-1;;;;;;;;;;;;
1.563858E1;;;4.394985E-1;;;;;;;;;;;;
1.567193E1;;;4.612190E-1;;;;;;;;;;;;
1.570527E1;;;4.769923E-1;;;;;;;;;;;;
1.573862E1;;;4.967174E-1;;;;;;;;;;;;
1.577196E1;;;5.164647E-1;;;;;;;;;;;;
1.580531E1;;;5.352144E-1;;;;;;;;;;;;
1.583865E1;;;5.549450E-1;;;;;;;;;;;;
1.587199E1;;;5.751745E-1;;;;;;;;;;;;
1.590534E1;;;5.944119E-1;;;;;;;;;;;;
1.593868E1;;;6.141481E-1;;;;;;;;;;;;
1.597203E1;;;6.348764E-1;;;;;;;;;;;;
1.600537E1;;;6.551114E-1;;;;;;;;;;;;
1.603872E1;;;6.763051E-1;;;;;;;;;;;;
1.607206E1;;;6.960302E-1;;;;;;;;;;;;
1.610541E1;;;7.147854E-1;;;;;;;;;;;;
1.613875E1;;;7.359959E-1;;;;;;;;;;;;
1.617209E1;;;7.562309E-1;;;;;;;;;;;;
1.620544E1;;;7.754571E-1;;;;;;;;;;;;
1.623878E1;;;7.971608E-1;;;;;;;;;;;;
1.627213E1;;;8.198678E-1;;;;;;;;;;;;
1.630547E1;;;8.401195E-1;;;;;;;;;;;;
1.633882E1;;;8.598390E-1;;;;;;;;;;;;
1.637216E1;;;8.810662E-1;;;;;;;;;;;;
1.640551E1;;;9.037452E-1;;;;;;;;;;;;
1.643885E1;;;9.249724E-1;;;;;;;;;;;;
1.647220E1;;;9.491591E-1;;;;;;;;;;;;
1.650554E1;;;9.683798E-1;;;;;;;;;;;;
1.653888E1;;;9.886148E-1;;;;;;;;;;;;
1.657223E1;;;1.014276E0;;;;;;;;;;;;
1.660557E1;;;1.035497E0;;;;;;;;;;;;
1.663892E1;;;1.062117E0;;;;;;;;;;;;
1.667226E1;;;1.079387E0;;;;;;;;;;;;
1.670561E1;;;1.102576E0;;;;;;;;;;;;
1.673895E1;;;1.125288E0;;;;;;;;;;;;
1.677230E1;;;1.154391E0;;;;;;;;;;;;
1.680564E1;;;1.170669E0;;;;;;;;;;;;
1.683899E1;;;1.195859E0;;;;;;;;;;;;
1.687233E1;;;1.215074E0;;;;;;;;;;;;
1.690567E1;;;1.218521E0;;;;;;;;;;;;
2.084033E1;;;;7.749347E-2;;;;;;;;;;;
2.087367E1;;;;7.749347E-2;;;;;;;;;;;
2.090702E1;;;;7.873674E-2;;;;;;;;;;;
2.094036E1;;;;8.246656E-2;;;;;;;;;;;
2.097371E1;;;;9.241276E-2;;;;;;;;;;;
2.100705E1;;;;1.085824E-1;;;;;;;;;;;
2.104040E1;;;;1.259671E-1;;;;;;;;;;;
2.107374E1;;;;1.427654E-1;;;;;;;;;;;
2.110708E1;;;;1.645227E-1;;;;;;;;;;;
2.114043E1;;;;1.825642E-1;;;;;;;;;;;
2.117377E1;;;;1.987619E-1;;;;;;;;;;;
2.120712E1;;;;2.155461E-1;;;;;;;;;;;
2.124046E1;;;;2.298367E-1;;;;;;;;;;;
2.127381E1;;;;2.478572E-1;;;;;;;;;;;
2.130715E1;;;;2.677987E-1;;;;;;;;;;;
2.134050E1;;;;2.852593E-1;;;;;;;;;;;
2.137384E1;;;;3.032870E-1;;;;;;;;;;;
2.140719E1;;;;3.202103E-1;;;;;;;;;;;
2.144053E1;;;;3.379249E-1;;;;;;;;;;;
2.147387E1;;;;3.560115E-1;;;;;;;;;;;
2.150722E1;;;;3.741435E-1;;;;;;;;;;;
2.154056E1;;;;3.925773E-1;;;;;;;;;;;
2.157391E1;;;;4.107830E-1;;;;;;;;;;;
2.160725E1;;;;4.290520E-1;;;;;;;;;;;
2.164060E1;;;;4.476292E-1;;;;;;;;;;;
2.167394E1;;;;4.660833E-1;;;;;;;;;;;
2.170729E1;;;;4.849020E-1;;;;;;;;;;;
2.174063E1;;;;5.035948E-1;;;;;;;;;;;
2.177398E1;;;;5.221816E-1;;;;;;;;;;;
2.180732E1;;;;5.410316E-1;;;;;;;;;;;
2.184066E1;;;;5.598571E-1;;;;;;;;;;;
2.187401E1;;;;5.790688E-1;;;;;;;;;;;
2.190735E1;;;;5.982710E-1;;;;;;;;;;;
2.194070E1;;;;6.172389E-1;;;;;;;;;;;
2.197404E1;;;;6.363630E-1;;;;;;;;;;;
2.200739E1;;;;6.558583E-1;;;;;;;;;;;
2.204073E1;;;;6.753228E-1;;;;;;;;;;;
2.207408E1;;;;6.946699E-1;;;;;;;;;;;
2.210742E1;;;;7.143280E-1;;;;;;;;;;;
2.214077E1;;;;7.338202E-1;;;;;;;;;;;
2.217411E1;;;;7.539687E-1;;;;;;;;;;;
2.220745E1;;;;7.740356E-1;;;;;;;;;;;
2.224080E1;;;;7.944587E-1;;;;;;;;;;;
2.227414E1;;;;8.149283E-1;;;;;;;;;;;
2.230749E1;;;;8.352294E-1;;;;;;;;;;;
2.234083E1;;;;8.559166E-1;;;;;;;;;;;
2.237418E1;;;;8.771176E-1;;;;;;;;;;;
2.240752E1;;;;8.979302E-1;;;;;;;;;;;
2.244087E1;;;;9.189574E-1;;;;;;;;;;;
2.247421E1;;;;9.403415E-1;;;;;;;;;;;
2.250755E1;;;;9.620204E-1;;;;;;;;;;;
2.254090E1;;;;9.840680E-1;;;;;;;;;;;
2.257424E1;;;;1.005356E0;;;;;;;;;;;
2.260759E1;;;;1.027025E0;;;;;;;;;;;
2.264093E1;;;;1.049289E0;;;;;;;;;;;
2.267428E1;;;;1.070973E0;;;;;;;;;;;
2.270762E1;;;;1.093834E0;;;;;;;;;;;
2.274097E1;;;;1.115548E0;;;;;;;;;;;
2.277431E1;;;;1.138784E0;;;;;;;;;;;
2.280766E1;;;;1.161621E0;;;;;;;;;;;
2.284100E1;;;;1.184510E0;;;;;;;;;;;
2.287434E1;;;;1.206604E0;;;;;;;;;;;
2.290769E1;;;;1.218421E0;;;;;;;;;;;
2.294103E1;;;;1.207857E0;;;;;;;;;;;
2.650890E1;;;;;8.370282E-2;;;;;;;;;;
2.654224E1;;;;;9.055487E-2;;;;;;;;;;
2.657559E1;;;;;1.011087E-1;;;;;;;;;;
2.660893E1;;;;;1.160490E-1;;;;;;;;;;
2.664228E1;;;;;1.340695E-1;;;;;;;;;;
2.667562E1;;;;;1.490098E-1;;;;;;;;;;
2.670897E1;;;;;1.707601E-1;;;;;;;;;;
2.674231E1;;;;;1.856794E-1;;;;;;;;;;
2.677565E1;;;;;2.049572E-1;;;;;;;;;;
2.680900E1;;;;;2.174110E-1;;;;;;;;;;
2.684234E1;;;;;2.354385E-1;;;;;;;;;;
2.687569E1;;;;;2.491005E-1;;;;;;;;;;
2.690903E1;;;;;2.690069E-1;;;;;;;;;;
2.694238E1;;;;;2.858983E-1;;;;;;;;;;
2.697572E1;;;;;3.030839E-1;;;;;;;;;;
2.700907E1;;;;;3.196906E-1;;;;;;;;;;
2.704241E1;;;;;3.372450E-1;;;;;;;;;;
2.707575E1;;;;;3.548420E-1;;;;;;;;;;
2.710910E1;;;;;3.722632E-1;;;;;;;;;;
2.714244E1;;;;;3.897725E-1;;;;;;;;;;
2.717579E1;;;;;4.073858E-1;;;;;;;;;;
2.720913E1;;;;;4.251042E-1;;;;;;;;;;
2.724248E1;;;;;4.431536E-1;;;;;;;;;;
2.727582E1;;;;;4.610064E-1;;;;;;;;;;
2.730917E1;;;;;4.789179E-1;;;;;;;;;;
2.734251E1;;;;;4.969969E-1;;;;;;;;;;
2.737586E1;;;;;5.149038E-1;;;;;;;;;;
2.740920E1;;;;;5.332416E-1;;;;;;;;;;
2.744254E1;;;;;5.514333E-1;;;;;;;;;;
2.747589E1;;;;;5.700686E-1;;;;;;;;;;
2.750923E1;;;;;5.885256E-1;;;;;;;;;;
2.754258E1;;;;;6.073117E-1;;;;;;;;;;
2.757592E1;;;;;6.254593E-1;;;;;;;;;;
2.760927E1;;;;;6.444536E-1;;;;;;;;;;
2.764261E1;;;;;6.630734E-1;;;;;;;;;;
2.767596E1;;;;;6.820638E-1;;;;;;;;;;
2.770930E1;;;;;7.009664E-1;;;;;;;;;;
2.774265E1;;;;;7.202619E-1;;;;;;;;;;
2.777599E1;;;;;7.393592E-1;;;;;;;;;;
2.780933E1;;;;;7.590560E-1;;;;;;;;;;
2.784268E1;;;;;7.786241E-1;;;;;;;;;;
2.787602E1;;;;;7.983526E-1;;;;;;;;;;
2.790937E1;;;;;8.181178E-1;;;;;;;;;;
2.794271E1;;;;;8.378806E-1;;;;;;;;;;
2.797606E1;;;;;8.582920E-1;;;;;;;;;;
2.800940E1;;;;;8.788470E-1;;;;;;;;;;
2.804275E1;;;;;8.992311E-1;;;;;;;;;;
2.807609E1;;;;;9.196063E-1;;;;;;;;;;
2.810944E1;;;;;9.406535E-1;;;;;;;;;;
2.814278E1;;;;;9.616608E-1;;;;;;;;;;
2.817612E1;;;;;9.830774E-1;;;;;;;;;;
2.820947E1;;;;;1.003565E0;;;;;;;;;;
2.824281E1;;;;;1.024970E0;;;;;;;;;;
2.827616E1;;;;;1.046588E0;;;;;;;;;;
2.830950E1;;;;;1.067948E0;;;;;;;;;;
2.834285E1;;;;;1.089696E0;;;;;;;;;;
2.837619E1;;;;;1.111158E0;;;;;;;;;;
2.840954E1;;;;;1.133175E0;;;;;;;;;;
2.844288E1;;;;;1.155344E0;;;;;;;;;;
2.847622E1;;;;;1.177466E0;;;;;;;;;;
2.850957E1;;;;;1.201074E0;;;;;;;;;;
2.854291E1;;;;;1.215577E0;;;;;;;;;;
2.857626E1;;;;;1.209082E0;;;;;;;;;;
2.860960E1;;;;;1.189715E0;;;;;;;;;;
3.201074E1;;;;;;7.688587E-2;;;;;;;;;
3.204409E1;;;;;;8.308820E-2;;;;;;;;;
3.207743E1;;;;;;9.988645E-2;;;;;;;;;
3.211078E1;;;;;;1.185145E-1;;;;;;;;;
3.214412E1;;;;;;1.390496E-1;;;;;;;;;
3.217747E1;;;;;;1.620291E-1;;;;;;;;;
3.221081E1;;;;;;1.831718E-1;;;;;;;;;
3.224416E1;;;;;;2.061864E-1;;;;;;;;;
3.227750E1;;;;;;2.304514E-1;;;;;;;;;
3.231085E1;;;;;;2.515730E-1;;;;;;;;;
3.234419E1;;;;;;2.683642E-1;;;;;;;;;
3.237753E1;;;;;;2.944519E-1;;;;;;;;;
3.241088E1;;;;;;3.159901E-1;;;;;;;;;
3.244422E1;;;;;;3.382625E-1;;;;;;;;;
3.247757E1;;;;;;3.604347E-1;;;;;;;;;
3.251091E1;;;;;;3.827561E-1;;;;;;;;;
3.254426E1;;;;;;4.051605E-1;;;;;;;;;
3.257760E1;;;;;;4.275785E-1;;;;;;;;;
3.261095E1;;;;;;4.503269E-1;;;;;;;;;
3.264429E1;;;;;;4.730458E-1;;;;;;;;;
3.267764E1;;;;;;4.961611E-1;;;;;;;;;
3.271098E1;;;;;;5.190901E-1;;;;;;;;;
3.274432E1;;;;;;5.422180E-1;;;;;;;;;
3.277767E1;;;;;;5.650942E-1;;;;;;;;;
3.281101E1;;;;;;5.884253E-1;;;;;;;;;
3.284436E1;;;;;;6.117380E-1;;;;;;;;;
3.287770E1;;;;;;6.349096E-1;;;;;;;;;
3.291105E1;;;;;;6.585504E-1;;;;;;;;;
3.294439E1;;;;;;6.821168E-1;;;;;;;;;
3.297774E1;;;;;;7.057886E-1;;;;;;;;;
3.301108E1;;;;;;7.294647E-1;;;;;;;;;
3.304442E1;;;;;;7.536763E-1;;;;;;;;;
3.307777E1;;;;;;7.779240E-1;;;;;;;;;
3.311111E1;;;;;;8.019749E-1;;;;;;;;;
3.314446E1;;;;;;8.262105E-1;;;;;;;;;
3.317780E1;;;;;;8.508767E-1;;;;;;;;;
3.321115E1;;;;;;8.755999E-1;;;;;;;;;
3.324449E1;;;;;;9.004992E-1;;;;;;;;;
3.327784E1;;;;;;9.254088E-1;;;;;;;;;
3.331118E1;;;;;;9.515244E-1;;;;;;;;;
3.334453E1;;;;;;9.773428E-1;;;;;;;;;
3.337787E1;;;;;;1.001969E0;;;;;;;;;
3.341121E1;;;;;;1.028133E0;;;;;;;;;
3.344456E1;;;;;;1.054528E0;;;;;;;;;
3.347790E1;;;;;;1.080539E0;;;;;;;;;
3.351125E1;;;;;;1.106297E0;;;;;;;;;
3.354459E1;;;;;;1.133010E0;;;;;;;;;
3.357794E1;;;;;;1.159889E0;;;;;;;;;
3.361128E1;;;;;;1.187684E0;;;;;;;;;
3.364463E1;;;;;;1.210601E0;;;;;;;;;
3.367797E1;;;;;;1.205624E0;;;;;;;;;
3.371132E1;;;;;;1.182701E0;;;;;;;;;
3.654560E1;;;;;;;7.935838E-2;;;;;;;;
3.657894E1;;;;;;;7.998001E-2;;;;;;;;
3.661229E1;;;;;;;7.998001E-2;;;;;;;;
3.664563E1;;;;;;;7.998001E-2;;;;;;;;
3.667898E1;;;;;;;7.998001E-2;;;;;;;;
3.671232E1;;;;;;;7.998001E-2;;;;;;;;
3.674567E1;;;;;;;7.998001E-2;;;;;;;;
3.677901E1;;;;;;;7.750049E-2;;;;;;;;
3.681236E1;;;;;;;7.873674E-2;;;;;;;;
3.684570E1;;;;;;;8.184493E-2;;;;;;;;
3.687905E1;;;;;;;8.496716E-2;;;;;;;;
3.691239E1;;;;;;;9.303440E-2;;;;;;;;
3.694573E1;;;;;;;1.117046E-1;;;;;;;;
3.697908E1;;;;;;;1.278742E-1;;;;;;;;
3.701242E1;;;;;;;1.458876E-1;;;;;;;;
3.704577E1;;;;;;;1.676590E-1;;;;;;;;
3.707911E1;;;;;;;1.863011E-1;;;;;;;;
3.711246E1;;;;;;;2.018701E-1;;;;;;;;
3.714580E1;;;;;;;2.235993E-1;;;;;;;;
3.717915E1;;;;;;;2.391473E-1;;;;;;;;
3.721249E1;;;;;;;2.546741E-1;;;;;;;;
3.724584E1;;;;;;;2.720870E-1;;;;;;;;
3.727918E1;;;;;;;3.006964E-1;;;;;;;;
3.731252E1;;;;;;;3.212244E-1;;;;;;;;
3.734587E1;;;;;;;3.380227E-1;;;;;;;;
3.737921E1;;;;;;;3.585437E-1;;;;;;;;
3.741256E1;;;;;;;3.782214E-1;;;;;;;;
3.744590E1;;;;;;;3.984151E-1;;;;;;;;
3.747925E1;;;;;;;4.183241E-1;;;;;;;;
3.751259E1;;;;;;;4.384859E-1;;;;;;;;
3.754594E1;;;;;;;4.583346E-1;;;;;;;;
3.757928E1;;;;;;;4.783205E-1;;;;;;;;
3.761262E1;;;;;;;4.986947E-1;;;;;;;;
3.764597E1;;;;;;;5.191131E-1;;;;;;;;
3.767931E1;;;;;;;5.395591E-1;;;;;;;;
3.771266E1;;;;;;;5.599739E-1;;;;;;;;
3.774600E1;;;;;;;5.806228E-1;;;;;;;;
3.777935E1;;;;;;;6.014651E-1;;;;;;;;
3.781269E1;;;;;;;6.219240E-1;;;;;;;;
3.784604E1;;;;;;;6.428493E-1;;;;;;;;
3.787938E1;;;;;;;6.637665E-1;;;;;;;;
3.791273E1;;;;;;;6.850785E-1;;;;;;;;
3.794607E1;;;;;;;7.063395E-1;;;;;;;;
3.797941E1;;;;;;;7.275072E-1;;;;;;;;
3.801276E1;;;;;;;7.489033E-1;;;;;;;;
3.804610E1;;;;;;;7.709293E-1;;;;;;;;
3.807945E1;;;;;;;7.929335E-1;;;;;;;;
3.811279E1;;;;;;;8.150350E-1;;;;;;;;
3.814614E1;;;;;;;8.368461E-1;;;;;;;;
3.817948E1;;;;;;;8.595695E-1;;;;;;;;
3.821283E1;;;;;;;8.819950E-1;;;;;;;;
3.824617E1;;;;;;;9.047294E-1;;;;;;;;
3.827952E1;;;;;;;9.275503E-1;;;;;;;;
3.831286E1;;;;;;;9.512686E-1;;;;;;;;
3.834620E1;;;;;;;9.745708E-1;;;;;;;;
3.837955E1;;;;;;;9.974265E-1;;;;;;;;
3.841289E1;;;;;;;1.020671E0;;;;;;;;
3.844624E1;;;;;;;1.044346E0;;;;;;;;
3.847958E1;;;;;;;1.068153E0;;;;;;;;
3.851293E1;;;;;;;1.092282E0;;;;;;;;
3.854627E1;;;;;;;1.115605E0;;;;;;;;
3.857962E1;;;;;;;1.140116E0;;;;;;;;
3.861296E1;;;;;;;1.164100E0;;;;;;;;
3.864631E1;;;;;;;1.188516E0;;;;;;;;
3.867965E1;;;;;;;1.214092E0;;;;;;;;
3.871299E1;;;;;;;1.222760E0;;;;;;;;
3.874634E1;;;;;;;1.204111E0;;;;;;;;
4.208079E1;;;;;;;;7.815022E-2;;;;;;;
4.211414E1;;;;;;;;8.124436E-2;;;;;;;
4.214748E1;;;;;;;;8.433148E-2;;;;;;;
4.218082E1;;;;;;;;9.741395E-2;;;;;;;
4.221417E1;;;;;;;;1.147917E-1;;;;;;;
4.224751E1;;;;;;;;1.303467E-1;;;;;;;
4.228086E1;;;;;;;;1.496034E-1;;;;;;;
4.231420E1;;;;;;;;1.688671E-1;;;;;;;
4.234755E1;;;;;;;;1.893952E-1;;;;;;;
4.238089E1;;;;;;;;2.062215E-1;;;;;;;
4.241424E1;;;;;;;;2.180256E-1;;;;;;;
4.244758E1;;;;;;;;2.360461E-1;;;;;;;
4.248093E1;;;;;;;;2.522157E-1;;;;;;;
4.251427E1;;;;;;;;2.690069E-1;;;;;;;
4.254761E1;;;;;;;;2.920215E-1;;;;;;;
4.258096E1;;;;;;;;3.069338E-1;;;;;;;
4.261430E1;;;;;;;;3.243186E-1;;;;;;;
4.264765E1;;;;;;;;3.467186E-1;;;;;;;
4.268099E1;;;;;;;;3.649990E-1;;;;;;;
4.271434E1;;;;;;;;3.834883E-1;;;;;;;
4.274768E1;;;;;;;;4.018796E-1;;;;;;;
4.278103E1;;;;;;;;4.202805E-1;;;;;;;
4.281437E1;;;;;;;;4.388727E-1;;;;;;;
4.284772E1;;;;;;;;4.577049E-1;;;;;;;
4.288106E1;;;;;;;;4.765686E-1;;;;;;;
4.291440E1;;;;;;;;4.956725E-1;;;;;;;
4.294775E1;;;;;;;;5.144388E-1;;;;;;;
4.298109E1;;;;;;;;5.333571E-1;;;;;;;
4.301444E1;;;;;;;;5.521526E-1;;;;;;;
4.304778E1;;;;;;;;5.715204E-1;;;;;;;
4.308113E1;;;;;;;;5.907259E-1;;;;;;;
4.311447E1;;;;;;;;6.102300E-1;;;;;;;
4.314782E1;;;;;;;;6.293662E-1;;;;;;;
4.318116E1;;;;;;;;6.492010E-1;;;;;;;
4.321451E1;;;;;;;;6.684427E-1;;;;;;;
4.324785E1;;;;;;;;6.883098E-1;;;;;;;
4.328119E1;;;;;;;;7.079756E-1;;;;;;;
4.331454E1;;;;;;;;7.277058E-1;;;;;;;
4.334788E1;;;;;;;;7.478778E-1;;;;;;;
4.338123E1;;;;;;;;7.681676E-1;;;;;;;
4.341457E1;;;;;;;;7.883959E-1;;;;;;;
4.344792E1;;;;;;;;8.089844E-1;;;;;;;
4.348126E1;;;;;;;;8.291307E-1;;;;;;;
4.351461E1;;;;;;;;8.498254E-1;;;;;;;
4.354795E1;;;;;;;;8.715152E-1;;;;;;;
4.358130E1;;;;;;;;8.924912E-1;;;;;;;
4.361464E1;;;;;;;;9.135547E-1;;;;;;;
4.364798E1;;;;;;;;9.350185E-1;;;;;;;
4.368133E1;;;;;;;;9.570415E-1;;;;;;;
4.371467E1;;;;;;;;9.792351E-1;;;;;;;
4.374802E1;;;;;;;;1.000718E0;;;;;;;
4.378136E1;;;;;;;;1.022520E0;;;;;;;
4.381471E1;;;;;;;;1.044754E0;;;;;;;
4.384805E1;;;;;;;;1.066756E0;;;;;;;
4.388140E1;;;;;;;;1.089653E0;;;;;;;
4.391474E1;;;;;;;;1.111704E0;;;;;;;
4.394808E1;;;;;;;;1.135284E0;;;;;;;
4.398143E1;;;;;;;;1.158076E0;;;;;;;
4.401477E1;;;;;;;;1.180790E0;;;;;;;
4.404812E1;;;;;;;;1.204015E0;;;;;;;
4.408146E1;;;;;;;;1.219368E0;;;;;;;
4.411481E1;;;;;;;;1.213032E0;;;;;;;
4.711581E1;;;;;;;;;7.563558E-2;;;;;;
4.714916E1;;;;;;;;;7.563558E-2;;;;;;
4.718250E1;;;;;;;;;7.935838E-2;;;;;;
4.721585E1;;;;;;;;;7.935838E-2;;;;;;
4.724919E1;;;;;;;;;8.245954E-2;;;;;;
4.728254E1;;;;;;;;;9.116949E-2;;;;;;
4.731588E1;;;;;;;;;1.079607E-1;;;;;;
4.734923E1;;;;;;;;;1.253455E-1;;;;;;
4.738257E1;;;;;;;;;1.390215E-1;;;;;;
4.741592E1;;;;;;;;;1.564274E-1;;;;;;
4.744926E1;;;;;;;;;1.732256E-1;;;;;;
4.748260E1;;;;;;;;;1.937607E-1;;;;;;
4.751595E1;;;;;;;;;2.130455E-1;;;;;;
4.754929E1;;;;;;;;;2.248566E-1;;;;;;
4.758264E1;;;;;;;;;2.391402E-1;;;;;;
4.761598E1;;;;;;;;;2.578174E-1;;;;;;
4.764933E1;;;;;;;;;2.764455E-1;;;;;;
4.768267E1;;;;;;;;;2.938654E-1;;;;;;
4.771602E1;;;;;;;;;3.137507E-1;;;;;;
4.774936E1;;;;;;;;;3.336572E-1;;;;;;
4.778271E1;;;;;;;;;3.513028E-1;;;;;;
4.781605E1;;;;;;;;;3.691653E-1;;;;;;
4.784939E1;;;;;;;;;3.873125E-1;;;;;;
4.788274E1;;;;;;;;;4.056686E-1;;;;;;
4.791608E1;;;;;;;;;4.237683E-1;;;;;;
4.794943E1;;;;;;;;;4.420147E-1;;;;;;
4.798277E1;;;;;;;;;4.601401E-1;;;;;;
4.801612E1;;;;;;;;;4.784849E-1;;;;;;
4.804946E1;;;;;;;;;4.973341E-1;;;;;;
4.808281E1;;;;;;;;;5.158010E-1;;;;;;
4.811615E1;;;;;;;;;5.344720E-1;;;;;;
4.814950E1;;;;;;;;;5.530229E-1;;;;;;
4.818284E1;;;;;;;;;5.717063E-1;;;;;;
4.821618E1;;;;;;;;;5.906046E-1;;;;;;
4.824953E1;;;;;;;;;6.095555E-1;;;;;;
4.828287E1;;;;;;;;;6.283627E-1;;;;;;
4.831622E1;;;;;;;;;6.475455E-1;;;;;;
4.834956E1;;;;;;;;;6.666872E-1;;;;;;
4.838291E1;;;;;;;;;6.860557E-1;;;;;;
4.841625E1;;;;;;;;;7.053731E-1;;;;;;
4.844960E1;;;;;;;;;7.250527E-1;;;;;;
4.848294E1;;;;;;;;;7.445117E-1;;;;;;
4.851628E1;;;;;;;;;7.645315E-1;;;;;;
4.854963E1;;;;;;;;;7.845460E-1;;;;;;
4.858297E1;;;;;;;;;8.045642E-1;;;;;;
4.861632E1;;;;;;;;;8.245188E-1;;;;;;
4.864966E1;;;;;;;;;8.449387E-1;;;;;;
4.868301E1;;;;;;;;;8.658492E-1;;;;;;
4.871635E1;;;;;;;;;8.867662E-1;;;;;;
4.874970E1;;;;;;;;;9.075419E-1;;;;;;
4.878304E1;;;;;;;;;9.283356E-1;;;;;;
4.881639E1;;;;;;;;;9.502266E-1;;;;;;
4.884973E1;;;;;;;;;9.716736E-1;;;;;;
4.888307E1;;;;;;;;;9.933004E-1;;;;;;
4.891642E1;;;;;;;;;1.014560E0;;;;;;
4.894976E1;;;;;;;;;1.036673E0;;;;;;
4.898311E1;;;;;;;;;1.058410E0;;;;;;
4.901645E1;;;;;;;;;1.081262E0;;;;;;
4.904980E1;;;;;;;;;1.102687E0;;;;;;
4.908314E1;;;;;;;;;1.125849E0;;;;;;
4.911649E1;;;;;;;;;1.149278E0;;;;;;
4.914983E1;;;;;;;;;1.172495E0;;;;;;
4.918318E1;;;;;;;;;1.194547E0;;;;;;
4.921652E1;;;;;;;;;1.216553E0;;;;;;
4.924986E1;;;;;;;;;1.223141E0;;;;;;
4.928321E1;;;;;;;;;1.208608E0;;;;;;
5.288442E1;;;;;;;;;;8.995430E-2;;;;;
5.291776E1;;;;;;;;;;8.559582E-2;;;;;
5.295111E1;;;;;;;;;;8.621746E-2;;;;;
5.298445E1;;;;;;;;;;8.621746E-2;;;;;
5.301780E1;;;;;;;;;;8.621746E-2;;;;;
5.305114E1;;;;;;;;;;8.310927E-2;;;;;
5.308448E1;;;;;;;;;;7.999406E-2;;;;;
5.311783E1;;;;;;;;;;8.060867E-2;;;;;
5.315117E1;;;;;;;;;;8.060867E-2;;;;;
5.318452E1;;;;;;;;;;7.998704E-2;;;;;
5.321786E1;;;;;;;;;;7.998704E-2;;;;;
5.325121E1;;;;;;;;;;7.998704E-2;;;;;
5.328455E1;;;;;;;;;;7.998704E-2;;;;;
5.331790E1;;;;;;;;;;7.998704E-2;;;;;
5.335124E1;;;;;;;;;;7.998704E-2;;;;;
5.338459E1;;;;;;;;;;7.998704E-2;;;;;
5.341793E1;;;;;;;;;;7.998704E-2;;;;;
5.345127E1;;;;;;;;;;7.998704E-2;;;;;
5.348462E1;;;;;;;;;;7.998704E-2;;;;;
5.351796E1;;;;;;;;;;7.998704E-2;;;;;
5.355131E1;;;;;;;;;;9.614258E-2;;;;;
5.358465E1;;;;;;;;;;1.116835E-1;;;;;
5.361800E1;;;;;;;;;;1.328122E-1;;;;;
5.365134E1;;;;;;;;;;1.558338E-1;;;;;
5.368469E1;;;;;;;;;;1.732537E-1;;;;;
5.371803E1;;;;;;;;;;1.931461E-1;;;;;
5.375138E1;;;;;;;;;;2.130666E-1;;;;;
5.378472E1;;;;;;;;;;2.342022E-1;;;;;
5.381806E1;;;;;;;;;;2.516081E-1;;;;;
5.385141E1;;;;;;;;;;2.745876E-1;;;;;
5.388475E1;;;;;;;;;;2.945011E-1;;;;;
5.391810E1;;;;;;;;;;3.181092E-1;;;;;
5.395144E1;;;;;;;;;;3.392730E-1;;;;;
5.398479E1;;;;;;;;;;3.602297E-1;;;;;
5.401813E1;;;;;;;;;;3.813721E-1;;;;;
5.405148E1;;;;;;;;;;4.025913E-1;;;;;
5.408482E1;;;;;;;;;;4.240927E-1;;;;;
5.411817E1;;;;;;;;;;4.457709E-1;;;;;
5.415151E1;;;;;;;;;;4.672729E-1;;;;;
5.418485E1;;;;;;;;;;4.889029E-1;;;;;
5.421820E1;;;;;;;;;;5.108263E-1;;;;;
5.425154E1;;;;;;;;;;5.324546E-1;;;;;
5.428489E1;;;;;;;;;;5.544395E-1;;;;;
5.431823E1;;;;;;;;;;5.767254E-1;;;;;
5.435158E1;;;;;;;;;;5.987746E-1;;;;;
5.438492E1;;;;;;;;;;6.207896E-1;;;;;
5.441827E1;;;;;;;;;;6.431233E-1;;;;;
5.445161E1;;;;;;;;;;6.655706E-1;;;;;
5.448495E1;;;;;;;;;;6.881893E-1;;;;;
5.451830E1;;;;;;;;;;7.107832E-1;;;;;
5.455164E1;;;;;;;;;;7.333474E-1;;;;;
5.458499E1;;;;;;;;;;7.564297E-1;;;;;
5.461833E1;;;;;;;;;;7.797840E-1;;;;;
5.465168E1;;;;;;;;;;8.031103E-1;;;;;
5.468502E1;;;;;;;;;;8.261943E-1;;;;;
5.471837E1;;;;;;;;;;8.497360E-1;;;;;
5.475171E1;;;;;;;;;;8.742959E-1;;;;;
5.478506E1;;;;;;;;;;8.981142E-1;;;;;
5.481840E1;;;;;;;;;;9.221167E-1;;;;;
5.485174E1;;;;;;;;;;9.466518E-1;;;;;
5.488509E1;;;;;;;;;;9.716501E-1;;;;;
5.491843E1;;;;;;;;;;9.963248E-1;;;;;
5.495178E1;;;;;;;;;;1.020802E0;;;;;
5.498512E1;;;;;;;;;;1.045910E0;;;;;
5.501847E1;;;;;;;;;;1.071065E0;;;;;
5.505181E1;;;;;;;;;;1.096624E0;;;;;
5.508516E1;;;;;;;;;;1.121780E0;;;;;
5.511850E1;;;;;;;;;;1.147998E0;;;;;
5.515185E1;;;;;;;;;;1.173941E0;;;;;
5.518519E1;;;;;;;;;;1.200537E0;;;;;
5.521853E1;;;;;;;;;;1.220739E0;;;;;
5.525188E1;;;;;;;;;;1.213674E0;;;;;
5.528522E1;;;;;;;;;;1.191133E0;;;;;
5.531857E1;;;;;;;;;;1.166996E0;;;;;
5.835292E1;;;;;;;;;;;7.875079E-2;;;;
5.838626E1;;;;;;;;;;;8.184493E-2;;;;
5.841961E1;;;;;;;;;;;8.681802E-2;;;;
5.845295E1;;;;;;;;;;;9.739990E-2;;;;
5.848630E1;;;;;;;;;;;1.116695E-1;;;;
5.851964E1;;;;;;;;;;;1.234876E-1;;;;
5.855299E1;;;;;;;;;;;1.390426E-1;;;;
5.858633E1;;;;;;;;;;;1.527186E-1;;;;
5.861968E1;;;;;;;;;;;1.670233E-1;;;;
5.865302E1;;;;;;;;;;;1.806923E-1;;;;
5.868637E1;;;;;;;;;;;1.975046E-1;;;;
5.871971E1;;;;;;;;;;;2.099163E-1;;;;
5.875305E1;;;;;;;;;;;2.236133E-1;;;;
5.878640E1;;;;;;;;;;;2.391473E-1;;;;
5.881974E1;;;;;;;;;;;2.521876E-1;;;;
5.885309E1;;;;;;;;;;;2.683572E-1;;;;
5.888643E1;;;;;;;;;;;2.801613E-1;;;;
5.891978E1;;;;;;;;;;;2.982168E-1;;;;
5.895312E1;;;;;;;;;;;3.131642E-1;;;;
5.898647E1;;;;;;;;;;;3.278014E-1;;;;
5.901981E1;;;;;;;;;;;3.428322E-1;;;;
5.905315E1;;;;;;;;;;;3.579438E-1;;;;
5.908650E1;;;;;;;;;;;3.731471E-1;;;;
5.911984E1;;;;;;;;;;;3.886651E-1;;;;
5.915319E1;;;;;;;;;;;4.040680E-1;;;;
5.918653E1;;;;;;;;;;;4.193774E-1;;;;
5.921988E1;;;;;;;;;;;4.348628E-1;;;;
5.925322E1;;;;;;;;;;;4.502720E-1;;;;
5.928657E1;;;;;;;;;;;4.658803E-1;;;;
5.931991E1;;;;;;;;;;;4.818077E-1;;;;
5.935326E1;;;;;;;;;;;4.976204E-1;;;;
5.938660E1;;;;;;;;;;;5.133658E-1;;;;
5.941994E1;;;;;;;;;;;5.293198E-1;;;;
5.945329E1;;;;;;;;;;;5.452817E-1;;;;
5.948663E1;;;;;;;;;;;5.612780E-1;;;;
5.951998E1;;;;;;;;;;;5.775987E-1;;;;
5.955332E1;;;;;;;;;;;5.937459E-1;;;;
5.958667E1;;;;;;;;;;;6.099460E-1;;;;
5.962001E1;;;;;;;;;;;6.261394E-1;;;;
5.965336E1;;;;;;;;;;;6.427014E-1;;;;
5.968670E1;;;;;;;;;;;6.591493E-1;;;;
5.972005E1;;;;;;;;;;;6.757811E-1;;;;
5.975339E1;;;;;;;;;;;6.923596E-1;;;;
5.978673E1;;;;;;;;;;;7.089814E-1;;;;
5.982008E1;;;;;;;;;;;7.257360E-1;;;;
5.985342E1;;;;;;;;;;;7.425429E-1;;;;
5.988677E1;;;;;;;;;;;7.596562E-1;;;;
5.992011E1;;;;;;;;;;;7.766880E-1;;;;
5.995346E1;;;;;;;;;;;7.939717E-1;;;;
5.998680E1;;;;;;;;;;;8.113995E-1;;;;
6.002015E1;;;;;;;;;;;8.284544E-1;;;;
6.005349E1;;;;;;;;;;;8.463387E-1;;;;
6.008684E1;;;;;;;;;;;8.641872E-1;;;;
6.012018E1;;;;;;;;;;;8.821681E-1;;;;
6.015352E1;;;;;;;;;;;9.001543E-1;;;;
6.018687E1;;;;;;;;;;;9.182725E-1;;;;
6.022021E1;;;;;;;;;;;9.368160E-1;;;;
6.025356E1;;;;;;;;;;;9.555672E-1;;;;
6.028690E1;;;;;;;;;;;9.741228E-1;;;;
6.032025E1;;;;;;;;;;;9.924491E-1;;;;
6.035359E1;;;;;;;;;;;1.011197E0;;;;
6.038694E1;;;;;;;;;;;1.030365E0;;;;
6.042028E1;;;;;;;;;;;1.049640E0;;;;
6.045363E1;;;;;;;;;;;1.068811E0;;;;
6.048697E1;;;;;;;;;;;1.088173E0;;;;
6.052031E1;;;;;;;;;;;1.107253E0;;;;
6.055366E1;;;;;;;;;;;1.126980E0;;;;
6.058700E1;;;;;;;;;;;1.146629E0;;;;
6.062035E1;;;;;;;;;;;1.166737E0;;;;
6.065369E1;;;;;;;;;;;1.186961E0;;;;
6.068704E1;;;;;;;;;;;1.205556E0;;;;
6.072038E1;;;;;;;;;;;1.210310E0;;;;
6.075373E1;;;;;;;;;;;1.195784E0;;;;
6.078707E1;;;;;;;;;;;1.175582E0;;;;
6.082041E1;;;;;;;;;;;1.156922E0;;;;
6.085376E1;;;;;;;;;;;1.138148E0;;;;
6.088710E1;;;;;;;;;;;1.119538E0;;;;
6.448831E1;;;;;;;;;;;;7.378471E-2;;;
6.452166E1;;;;;;;;;;;;7.687885E-2;;;
6.455500E1;;;;;;;;;;;;7.687885E-2;;;
6.458835E1;;;;;;;;;;;;7.687885E-2;;;
6.462169E1;;;;;;;;;;;;8.060867E-2;;;
6.465504E1;;;;;;;;;;;;9.366306E-2;;;
6.468838E1;;;;;;;;;;;;1.166566E-1;;;
6.472172E1;;;;;;;;;;;;1.365701E-1;;;
6.475507E1;;;;;;;;;;;;1.583274E-1;;;
6.478841E1;;;;;;;;;;;;1.807063E-1;;;
6.482176E1;;;;;;;;;;;;2.030993E-1;;;
6.485510E1;;;;;;;;;;;;2.223701E-1;;;
6.488845E1;;;;;;;;;;;;2.403975E-1;;;
6.492179E1;;;;;;;;;;;;2.646344E-1;;;
6.495514E1;;;;;;;;;;;;2.895280E-1;;;
6.498848E1;;;;;;;;;;;;3.112853E-1;;;
6.502183E1;;;;;;;;;;;;3.324139E-1;;;
6.505517E1;;;;;;;;;;;;3.545813E-1;;;
6.508851E1;;;;;;;;;;;;3.765142E-1;;;
6.512186E1;;;;;;;;;;;;3.985893E-1;;;
6.515520E1;;;;;;;;;;;;4.207498E-1;;;
6.518855E1;;;;;;;;;;;;4.432193E-1;;;
6.522189E1;;;;;;;;;;;;4.656894E-1;;;
6.525524E1;;;;;;;;;;;;4.882208E-1;;;
6.528858E1;;;;;;;;;;;;5.109249E-1;;;
6.532193E1;;;;;;;;;;;;5.333213E-1;;;
6.535527E1;;;;;;;;;;;;5.560652E-1;;;
6.538861E1;;;;;;;;;;;;5.791040E-1;;;
6.542196E1;;;;;;;;;;;;6.021153E-1;;;
6.545530E1;;;;;;;;;;;;6.247723E-1;;;
6.548865E1;;;;;;;;;;;;6.478068E-1;;;
6.552199E1;;;;;;;;;;;;6.710340E-1;;;
6.555534E1;;;;;;;;;;;;6.943209E-1;;;
6.558868E1;;;;;;;;;;;;7.177434E-1;;;
6.562203E1;;;;;;;;;;;;7.411219E-1;;;
6.565537E1;;;;;;;;;;;;7.653382E-1;;;
6.568872E1;;;;;;;;;;;;7.898854E-1;;;
6.572206E1;;;;;;;;;;;;8.142766E-1;;;
6.575540E1;;;;;;;;;;;;8.388690E-1;;;
6.578875E1;;;;;;;;;;;;8.641706E-1;;;
6.582209E1;;;;;;;;;;;;8.897907E-1;;;
6.585544E1;;;;;;;;;;;;9.148098E-1;;;
6.588878E1;;;;;;;;;;;;9.402007E-1;;;
6.592213E1;;;;;;;;;;;;9.655924E-1;;;
6.595547E1;;;;;;;;;;;;9.923717E-1;;;
6.598882E1;;;;;;;;;;;;1.017804E0;;;
6.602216E1;;;;;;;;;;;;1.043560E0;;;
6.605551E1;;;;;;;;;;;;1.068150E0;;;
6.608885E1;;;;;;;;;;;;1.096231E0;;;
6.612219E1;;;;;;;;;;;;1.121712E0;;;
6.615554E1;;;;;;;;;;;;1.149772E0;;;
6.618888E1;;;;;;;;;;;;1.176691E0;;;
6.622223E1;;;;;;;;;;;;1.202842E0;;;
6.625557E1;;;;;;;;;;;;1.222781E0;;;
6.628892E1;;;;;;;;;;;;1.217787E0;;;
7.045698E1;;;;;;;;;;;;;7.875079E-2;;
7.049033E1;;;;;;;;;;;;;8.497418E-2;;
7.052367E1;;;;;;;;;;;;;1.005151E-1;;
7.055702E1;;;;;;;;;;;;;1.210362E-1;;
7.059036E1;;;;;;;;;;;;;1.409356E-1;;
7.062371E1;;;;;;;;;;;;;1.633075E-1;;
7.065705E1;;;;;;;;;;;;;1.831929E-1;;
7.069039E1;;;;;;;;;;;;;2.037280E-1;;
7.072374E1;;;;;;;;;;;;;2.230057E-1;;
7.075708E1;;;;;;;;;;;;;2.441414E-1;;
7.079043E1;;;;;;;;;;;;;2.646484E-1;;
7.082377E1;;;;;;;;;;;;;2.870414E-1;;
7.085712E1;;;;;;;;;;;;;3.063122E-1;;
7.089046E1;;;;;;;;;;;;;3.268332E-1;;
7.092381E1;;;;;;;;;;;;;3.479619E-1;;
7.095715E1;;;;;;;;;;;;;3.687145E-1;;
7.099050E1;;;;;;;;;;;;;3.901663E-1;;
7.102384E1;;;;;;;;;;;;;4.114434E-1;;
7.105718E1;;;;;;;;;;;;;4.329052E-1;;
7.109053E1;;;;;;;;;;;;;4.542588E-1;;
7.112387E1;;;;;;;;;;;;;4.757459E-1;;
7.115722E1;;;;;;;;;;;;;4.974186E-1;;
7.119056E1;;;;;;;;;;;;;5.189129E-1;;
7.122391E1;;;;;;;;;;;;;5.408377E-1;;
7.125725E1;;;;;;;;;;;;;5.625737E-1;;
7.129060E1;;;;;;;;;;;;;5.845088E-1;;
7.132394E1;;;;;;;;;;;;;6.067213E-1;;
7.135728E1;;;;;;;;;;;;;6.285010E-1;;
7.139063E1;;;;;;;;;;;;;6.508441E-1;;
7.142397E1;;;;;;;;;;;;;6.731136E-1;;
7.145732E1;;;;;;;;;;;;;6.955360E-1;;
7.149066E1;;;;;;;;;;;;;7.185584E-1;;
7.152401E1;;;;;;;;;;;;;7.411931E-1;;
7.155735E1;;;;;;;;;;;;;7.648133E-1;;
7.159070E1;;;;;;;;;;;;;7.887455E-1;;
7.162404E1;;;;;;;;;;;;;8.126869E-1;;
7.165739E1;;;;;;;;;;;;;8.361134E-1;;
7.169073E1;;;;;;;;;;;;;8.600919E-1;;
7.172407E1;;;;;;;;;;;;;8.854318E-1;;
7.175742E1;;;;;;;;;;;;;9.091982E-1;;
7.179076E1;;;;;;;;;;;;;9.336035E-1;;
7.182411E1;;;;;;;;;;;;;9.586793E-1;;
7.185745E1;;;;;;;;;;;;;9.838638E-1;;
7.189080E1;;;;;;;;;;;;;1.008860E0;;
7.192414E1;;;;;;;;;;;;;1.033613E0;;
7.195749E1;;;;;;;;;;;;;1.058627E0;;
7.199083E1;;;;;;;;;;;;;1.084067E0;;
7.202418E1;;;;;;;;;;;;;1.108719E0;;
7.205752E1;;;;;;;;;;;;;1.135822E0;;
7.209086E1;;;;;;;;;;;;;1.162071E0;;
7.212421E1;;;;;;;;;;;;;1.187069E0;;
7.215755E1;;;;;;;;;;;;;1.211739E0;;
7.219090E1;;;;;;;;;;;;;1.222268E0;;
7.222424E1;;;;;;;;;;;;;1.212460E0;;
7.615890E1;;;;;;;;;;;;;;8.122329E-2;
7.619224E1;;;;;;;;;;;;;;8.120222E-2;
7.622559E1;;;;;;;;;;;;;;8.182386E-2;
7.625893E1;;;;;;;;;;;;;;8.309522E-2;
7.629227E1;;;;;;;;;;;;;;8.309522E-2;
7.632562E1;;;;;;;;;;;;;;8.309522E-2;
7.635896E1;;;;;;;;;;;;;;8.309522E-2;
7.639231E1;;;;;;;;;;;;;;8.309522E-2;
7.642565E1;;;;;;;;;;;;;;8.309522E-2;
7.645900E1;;;;;;;;;;;;;;8.868996E-2;
7.649234E1;;;;;;;;;;;;;;1.067245E-1;
7.652569E1;;;;;;;;;;;;;;1.229081E-1;
7.655903E1;;;;;;;;;;;;;;1.421367E-1;
7.659238E1;;;;;;;;;;;;;;1.552051E-1;
7.662572E1;;;;;;;;;;;;;;1.769695E-1;
7.665906E1;;;;;;;;;;;;;;1.925455E-1;
7.669241E1;;;;;;;;;;;;;;2.074718E-1;
7.672575E1;;;;;;;;;;;;;;2.273642E-1;
7.675910E1;;;;;;;;;;;;;;2.441063E-1;
7.679244E1;;;;;;;;;;;;;;2.603180E-1;
7.682579E1;;;;;;;;;;;;;;2.783455E-1;
7.685913E1;;;;;;;;;;;;;;2.976022E-1;
7.689248E1;;;;;;;;;;;;;;3.155105E-1;
7.692582E1;;;;;;;;;;;;;;3.339999E-1;
7.695917E1;;;;;;;;;;;;;;3.521208E-1;
7.699251E1;;;;;;;;;;;;;;3.705160E-1;
7.702585E1;;;;;;;;;;;;;;3.894980E-1;
7.705920E1;;;;;;;;;;;;;;4.079240E-1;
7.709254E1;;;;;;;;;;;;;;4.268363E-1;
7.712589E1;;;;;;;;;;;;;;4.455824E-1;
7.715923E1;;;;;;;;;;;;;;4.644761E-1;
7.719258E1;;;;;;;;;;;;;;4.833993E-1;
7.722592E1;;;;;;;;;;;;;;5.027662E-1;
7.725927E1;;;;;;;;;;;;;;5.218635E-1;
7.729261E1;;;;;;;;;;;;;;5.410863E-1;
7.732595E1;;;;;;;;;;;;;;5.601797E-1;
7.735930E1;;;;;;;;;;;;;;5.798471E-1;
7.739264E1;;;;;;;;;;;;;;5.995225E-1;
7.742599E1;;;;;;;;;;;;;;6.192201E-1;
7.745933E1;;;;;;;;;;;;;;6.388851E-1;
7.749268E1;;;;;;;;;;;;;;6.588045E-1;
7.752602E1;;;;;;;;;;;;;;6.788218E-1;
7.755937E1;;;;;;;;;;;;;;6.991999E-1;
7.759271E1;;;;;;;;;;;;;;7.196804E-1;
7.762606E1;;;;;;;;;;;;;;7.400281E-1;
7.765940E1;;;;;;;;;;;;;;7.607405E-1;
7.769274E1;;;;;;;;;;;;;;7.819470E-1;
7.772609E1;;;;;;;;;;;;;;8.031363E-1;
7.775943E1;;;;;;;;;;;;;;8.242552E-1;
7.779278E1;;;;;;;;;;;;;;8.454579E-1;
7.782612E1;;;;;;;;;;;;;;8.670642E-1;
7.785947E1;;;;;;;;;;;;;;8.889934E-1;
7.789281E1;;;;;;;;;;;;;;9.108513E-1;
7.792616E1;;;;;;;;;;;;;;9.322579E-1;
7.795950E1;;;;;;;;;;;;;;9.547300E-1;
7.799285E1;;;;;;;;;;;;;;9.770805E-1;
7.802619E1;;;;;;;;;;;;;;9.994011E-1;
7.805953E1;;;;;;;;;;;;;;1.021323E0;
7.809288E1;;;;;;;;;;;;;;1.043921E0;
7.812622E1;;;;;;;;;;;;;;1.066098E0;
7.815957E1;;;;;;;;;;;;;;1.089814E0;
7.819291E1;;;;;;;;;;;;;;1.111520E0;
7.822626E1;;;;;;;;;;;;;;1.135859E0;
7.825960E1;;;;;;;;;;;;;;1.159483E0;
7.829295E1;;;;;;;;;;;;;;1.183051E0;
7.832629E1;;;;;;;;;;;;;;1.205368E0;
7.835964E1;;;;;;;;;;;;;;1.213004E0;
7.839298E1;;;;;;;;;;;;;;1.212954E0;
7.842632E1;;;;;;;;;;;;;;1.205161E0;
8.196084E1;;;;;;;;;;;;;;;7.812213E-2
8.199419E1;;;;;;;;;;;;;;;8.061570E-2
8.202753E1;;;;;;;;;;;;;;;8.866889E-2
8.206088E1;;;;;;;;;;;;;;;1.042239E-1
8.209422E1;;;;;;;;;;;;;;;1.228730E-1
8.212757E1;;;;;;;;;;;;;;;1.384350E-1
8.216091E1;;;;;;;;;;;;;;;1.601853E-1
8.219426E1;;;;;;;;;;;;;;;1.825783E-1
8.222760E1;;;;;;;;;;;;;;;1.962543E-1
8.226094E1;;;;;;;;;;;;;;;2.143169E-1
8.229429E1;;;;;;;;;;;;;;;2.360882E-1
8.232763E1;;;;;;;;;;;;;;;2.516081E-1
8.236098E1;;;;;;;;;;;;;;;2.677987E-1
8.239432E1;;;;;;;;;;;;;;;2.907783E-1
8.242767E1;;;;;;;;;;;;;;;3.081911E-1
8.246101E1;;;;;;;;;;;;;;;3.237110E-1
8.249436E1;;;;;;;;;;;;;;;3.429817E-1
8.252770E1;;;;;;;;;;;;;;;3.610233E-1
8.256105E1;;;;;;;;;;;;;;;3.840098E-1
8.259439E1;;;;;;;;;;;;;;;3.989783E-1
8.262773E1;;;;;;;;;;;;;;;4.201069E-1
8.266108E1;;;;;;;;;;;;;;;4.393485E-1
8.269442E1;;;;;;;;;;;;;;;4.589571E-1
8.272777E1;;;;;;;;;;;;;;;4.784487E-1
8.276111E1;;;;;;;;;;;;;;;4.984706E-1
8.279446E1;;;;;;;;;;;;;;;5.181795E-1
8.282780E1;;;;;;;;;;;;;;;5.382177E-1
8.286115E1;;;;;;;;;;;;;;;5.579769E-1
8.289449E1;;;;;;;;;;;;;;;5.781646E-1
8.292784E1;;;;;;;;;;;;;;;5.982366E-1
8.296118E1;;;;;;;;;;;;;;;6.183577E-1
8.299452E1;;;;;;;;;;;;;;;6.385942E-1
8.302787E1;;;;;;;;;;;;;;;6.591138E-1
8.306121E1;;;;;;;;;;;;;;;6.795192E-1
8.309456E1;;;;;;;;;;;;;;;6.999083E-1
8.312790E1;;;;;;;;;;;;;;;7.203041E-1
8.316125E1;;;;;;;;;;;;;;;7.409691E-1
8.319459E1;;;;;;;;;;;;;;;7.618420E-1
8.322794E1;;;;;;;;;;;;;;;7.828347E-1
8.326128E1;;;;;;;;;;;;;;;8.038631E-1
8.329463E1;;;;;;;;;;;;;;;8.250547E-1
8.332797E1;;;;;;;;;;;;;;;8.460732E-1
8.336131E1;;;;;;;;;;;;;;;8.680879E-1
8.339466E1;;;;;;;;;;;;;;;8.897177E-1
8.342800E1;;;;;;;;;;;;;;;9.117905E-1
8.346135E1;;;;;;;;;;;;;;;9.338206E-1
8.349469E1;;;;;;;;;;;;;;;9.566510E-1
8.352804E1;;;;;;;;;;;;;;;9.792024E-1
8.356138E1;;;;;;;;;;;;;;;1.001136E0
8.359473E1;;;;;;;;;;;;;;;1.023839E0
8.362807E1;;;;;;;;;;;;;;;1.047341E0
8.366141E1;;;;;;;;;;;;;;;1.070341E0
8.369476E1;;;;;;;;;;;;;;;1.092981E0
8.372810E1;;;;;;;;;;;;;;;1.116291E0
8.376145E1;;;;;;;;;;;;;;;1.140094E0
8.379479E1;;;;;;;;;;;;;;;1.164114E0
8.382814E1;;;;;;;;;;;;;;;1.188777E0
8.386148E1;;;;;;;;;;;;;;;1.210247E0
8.389483E1;;;;;;;;;;;;;;;1.212601E0
8.392817E1;;;;;;;;;;;;;;;1.194651E0
8.396152E1;;;;;;;;;;;;;;;1.171226E0
8.399486E1;;;;;;;;;;;;;;;1.148494E0
8.402820E1;;;;;;;;;;;;;;;1.126525E0
8.406155E1;;;;;;;;;;;;;;;1.104517E0
8.409489E1;;;;;;;;;;;;;;;1.083284E0
