t,A_x,A_y,B_x,B_y,C_x,C_y,D_x,D_y,E_x,E_y,F_x,F_y
2.063621E1,6.221623E-4,1.326600E-3,,,,,,,,,,
2.066955E1,1.005894E-3,1.349398E-3,,,,,,,,,,
2.070289E1,1.197760E-3,1.360797E-3,,,,,,,,,,
2.073623E1,1.197760E-3,1.360797E-3,,,,,,,,,,
2.076957E1,2.168488E-3,1.225926E-3,,,,,,,,,,
2.080290E1,4.651344E-3,1.565978E-3,,,,,,,,,,
2.083624E1,7.348864E-3,1.533697E-3,,,,,,,,,,
2.086958E1,9.877316E-3,1.106286E-3,,,,,,,,,,
2.090292E1,1.313903E-2,1.300068E-3,,,,,,,,,,
2.093626E1,1.757475E-2,1.178511E-3,,,,,,,,,,
2.096959E1,2.220232E-2,1.068354E-3,,,,,,,,,,
2.100293E1,2.778923E-2,1.015191E-3,,,,,,,,,,
2.103627E1,3.451593E-2,1.222288E-3,,,,,,,,,,
2.106961E1,4.124263E-2,1.429385E-3,,,,,,,,,,
2.110295E1,4.819540E-2,1.072283E-3,,,,,,,,,,
2.113628E1,5.685216E-2,1.201503E-3,,,,,,,,,,
2.116962E1,6.473005E-2,1.476993E-3,,,,,,,,,,
2.120296E1,7.418847E-2,1.076212E-3,,,,,,,,,,
2.123630E1,8.338663E-2,1.815226E-3,,,,,,,,,,
2.126964E1,9.497837E-2,1.156101E-3,,,,,,,,,,
2.130297E1,1.047977E-1,1.161849E-3,,,,,,,,,,
2.133631E1,1.172690E-1,1.902780E-3,,,,,,,,,,
2.136965E1,1.290184E-1,1.830651E-3,,,,,,,,,,
2.140299E1,1.417499E-1,1.431786E-3,,,,,,,,,,
2.143633E1,1.565464E-1,1.925772E-3,,,,,,,,,,
2.146966E1,1.705754E-1,2.374162E-3,,,,,,,,,,
2.150300E1,1.856321E-1,1.728352E-3,,,,,,,,,,
2.153634E1,2.010612E-1,1.297206E-3,,,,,,,,,,
2.156968E1,2.158919E-1,1.215594E-3,,,,,,,,,,
2.160301E1,2.324265E-1,1.620305E-3,,,,,,,,,,
2.163635E1,2.501921E-1,7.503482E-4,,,,,,,,,,
2.166969E1,2.684194E-1,1.833246E-3,,,,,,,,,,
2.170303E1,2.874711E-1,2.002411E-3,,,,,,,,,,
2.173637E1,3.055977E-1,1.538984E-3,,,,,,,,,,
2.176970E1,3.252250E-1,1.742346E-3,,,,,,,,,,
2.180304E1,3.467710E-1,2.059697E-3,,,,,,,,,,
2.183638E1,3.673918E-1,1.744456E-3,,,,,,,,,,
2.186972E1,3.875947E-1,1.982015E-3,,,,,,,,,,
2.190306E1,4.122789E-1,1.330554E-3,,,,,,,,,,
2.193639E1,4.357435E-1,1.761894E-3,,,,,,,,,,
2.196973E1,4.563302E-1,2.022250E-3,,,,,,,,,,
2.200307E1,4.780794E-1,2.159135E-3,,,,,,,,,,
2.203641E1,5.036887E-1,2.140266E-3,,,,,,,,,,
2.206975E1,5.284964E-1,2.651399E-3,,,,,,,,,,
2.210308E1,5.562277E-1,2.566052E-3,,,,,,,,,,
2.213642E1,5.814305E-1,2.908117E-3,,,,,,,,,,
2.216976E1,6.087894E-1,2.608107E-3,,,,,,,,,,
2.220310E1,6.391289E-1,7.522885E-4,,,,,,,,,,
2.223644E1,6.634959E-1,2.199952E-3,,,,,,,,,,
2.226977E1,6.935295E-1,2.251393E-3,,,,,,,,,,
2.230311E1,7.193079E-1,2.627655E-3,,,,,,,,,,
2.233645E1,7.484051E-1,2.238369E-3,,,,,,,,,,
2.236979E1,7.846126E-1,2.078978E-3,,,,,,,,,,
2.240313E1,8.146121E-1,2.706016E-3,,,,,,,,,,
2.243646E1,8.454702E-1,1.843724E-3,,,,,,,,,,
2.246980E1,8.795444E-1,1.942676E-3,,,,,,,,,,
2.250314E1,9.103342E-1,2.231579E-3,,,,,,,,,,
2.253648E1,9.427386E-1,1.268612E-3,,,,,,,,,,
2.256982E1,9.816323E-1,1.268806E-3,,,,,,,,,,
2.260315E1,1.012659E0,8.016436E-4,,,,,,,,,,
2.263649E1,1.046677E0,1.859925E-3,,,,,,,,,,
2.266983E1,1.082715E0,1.305403E-3,,,,,,,,,,
2.270317E1,1.117354E0,1.630418E-3,,,,,,,,,,
2.273651E1,1.157207E0,1.687607E-3,,,,,,,,,,
2.276984E1,,,,,,,,,,,,
2.280318E1,,,,,,,,,,,,
2.283652E1,,,,,,,,,,,,
2.286986E1,,,,,,,,,,,,
2.290320E1,,,,,,,,,,,,
2.293653E1,,,,,,,,,,,,
2.296987E1,,,,,,,,,,,,
2.300321E1,,,,,,,,,,,,
2.303655E1,,,,,,,,,,,,
2.306989E1,,,,,,,,,,,,
2.310322E1,,,,,,,,,,,,
2.313656E1,,,,,,,,,,,,
2.316990E1,,,,,,,,,,,,
2.320324E1,,,,,,,,,,,,
2.323658E1,,,,,,,,,,,,
2.326991E1,,,,,,,,,,,,
2.330325E1,,,,,,,,,,,,
2.333659E1,,,,,,,,,,,,
2.336993E1,,,,,,,,,,,,
2.340327E1,,,,,,,,,,,,
2.343660E1,,,,,,,,,,,,
2.346994E1,,,,,,,,,,,,
2.350328E1,,,,,,,,,,,,
2.353662E1,,,,,,,,,,,,
2.356996E1,,,,,,,,,,,,
2.360329E1,,,,,,,,,,,,
2.363663E1,,,,,,,,,,,,
2.366997E1,,,,,,,,,,,,
2.370331E1,,,,,,,,,,,,
2.373665E1,,,,,,,,,,,,
2.376998E1,,,,,,,,,,,,
2.380332E1,,,,,,,,,,,,
2.383666E1,,,,,,,,,,,,
2.387000E1,,,,,,,,,,,,
2.390334E1,,,,,,,,,,,,
2.393667E1,,,,,,,,,,,,
2.397001E1,,,,,,,,,,,,
2.400335E1,,,,,,,,,,,,
2.403669E1,,,,,,,,,,,,
2.407003E1,,,,,,,,,,,,
2.410336E1,,,,,,,,,,,,
2.413670E1,,,,,,,,,,,,
2.417004E1,,,,,,,,,,,,
2.420338E1,,,,,,,,,,,,
2.423672E1,,,,,,,,,,,,
2.427005E1,,,,,,,,,,,,
2.430339E1,,,,,,,,,,,,
2.433673E1,,,,,,,,,,,,
2.437007E1,,,,,,,,,,,,
2.440341E1,,,,,,,,,,,,
2.443674E1,,,,,,,,,,,,
2.447008E1,,,,,,,,,,,,
2.450342E1,,,,,,,,,,,,
2.453676E1,,,,,,,,,,,,
2.457010E1,,,,,,,,,,,,
2.460343E1,,,,,,,,,,,,
2.463677E1,,,,,,,,,,,,
2.467011E1,,,,,,,,,,,,
2.470345E1,,,,,,,,,,,,
2.473679E1,,,,,,,,,,,,
2.477012E1,,,,,,,,,,,,
2.480346E1,,,,,,,,,,,,
2.483680E1,,,,,,,,,,,,
2.487014E1,,,,,,,,,,,,
2.490348E1,,,,,,,,,,,,
2.493681E1,,,,,,,,,,,,
2.497015E1,,,,,,,,,,,,
2.500349E1,,,,,,,,,,,,
2.503683E1,,,,,,,,,,,,
2.507017E1,,,,,,,,,,,,
2.510350E1,,,,,,,,,,,,
2.513684E1,,,,,,,,,,,,
2.517018E1,,,,,,,,,,,,
2.520352E1,,,,,,,,,,,,
2.523686E1,,,,,,,,,,,,
2.527019E1,,,,,,,,,,,,
2.530353E1,,,,,,,,,,,,
2.533687E1,,,,,,,,,,,,
2.537021E1,,,,,,,,,,,,
2.540355E1,,,,,,,,,,,,
2.543688E1,,,,,,,,,,,,
2.547022E1,,,,,,,,,,,,
2.550356E1,,,,,,,,,,,,
2.553690E1,,,,,,,,,,,,
2.557024E1,,,,,,,,,,,,
2.560357E1,,,,,,,,,,,,
2.563691E1,,,,,,,,,,,,
2.567025E1,,,,,,,,,,,,
2.570359E1,,,,,,,,,,,,
2.573693E1,,,,,,,,,,,,
2.577026E1,,,,,,,,,,,,
2.580360E1,,,,,,,,,,,,
2.583694E1,,,,,,,,,,,,
2.587028E1,,,,,,,,,,,,
2.590362E1,,,,,,,,,,,,
2.593695E1,,,,,,,,,,,,
2.597029E1,,,,,,,,,,,,
2.600363E1,,,,,,,,,,,,
2.603697E1,,,,,,,,,,,,
2.607031E1,,,,,,,,,,,,
2.610364E1,,,,,,,,,,,,
2.613698E1,,,,,,,,,,,,
2.617032E1,,,,,,,,,,,,
2.620366E1,,,,,,,,,,,,
2.623699E1,,,,,,,,,,,,
2.627033E1,,,,,,,,,,,,
2.630367E1,,,,,,,,,,,,
2.633701E1,,,,,,,,,,,,
2.637035E1,,,,,,,,,,,,
2.640368E1,,,,,,,,,,,,
2.643702E1,,,,,,,,,,,,
2.647036E1,,,,,,,,,,,,
2.650370E1,,,,,,,,,,,,
2.653704E1,,,,,,,,,,,,
2.657037E1,,,,,,,,,,,,
2.660371E1,,,,,,,,,,,,
2.663705E1,,,,,,,,,,,,
2.667039E1,,,,,,,,,,,,
2.670373E1,,,,,,,,,,,,
2.673706E1,,,,,,,,,,,,
2.677040E1,,,,,,,,,,,,
2.680374E1,,,,,,,,,,,,
2.683708E1,,,,,,,,,,,,
2.687042E1,,,,,,,,,,,,
2.690375E1,,,,,,,,,,,,
2.693709E1,,,,,,,,,,,,
2.697043E1,,,,,,,,,,,,
2.700377E1,,,,,,,,,,,,
2.703711E1,,,,,,,,,,,,
2.707044E1,,,,,,,,,,,,
2.710378E1,,,,,,,,,,,,
2.713712E1,,,,,,,,,,,,
2.717046E1,,,,,,,,,,,,
2.720380E1,,,,,,,,,,,,
2.723713E1,,,,,,,,,,,,
2.727047E1,,,,,,,,,,,,
2.730381E1,,,,,,,,,,,,
2.733715E1,,,,,,,,,,,,
2.737049E1,,,,,,,,,,,,
2.740382E1,,,,,,,,,,,,
2.743716E1,,,,,,,,,,,,
2.747050E1,,,,,,,,,,,,
2.750384E1,,,,,,,,,,,,
2.753718E1,,,,,,,,,,,,
2.757051E1,,,,,,,,,,,,
2.760385E1,,,,,,,,,,,,
2.763719E1,,,,,,,,,,,,
2.767053E1,,,,,,,,,,,,
2.770387E1,,,,,,,,,,,,
2.773720E1,,,,,,,,,,,,
2.777054E1,,,,,,,,,,,,
2.780388E1,,,,,,,,,,,,
2.783722E1,,,,,,,,,,,,
2.787056E1,,,,,,,,,,,,
2.790389E1,,,,,,,,,,,,
2.793723E1,,,,,,,,,,,,
2.797057E1,,,,,,,,,,,,
2.800391E1,,,,,,,,,,,,
2.803725E1,,,,,,,,,,,,
2.807058E1,,,,,,,,,,,,
2.810392E1,,,,,,,,,,,,
2.813726E1,,,,,,,,,,,,
2.817060E1,,,,,,,,,,,,
2.820394E1,,,,,,,,,,,,
2.823727E1,,,,,,,,,,,,
2.827061E1,,,,,,,,,,,,
2.830395E1,,,,,,,,,,,,
2.833729E1,,,,,,,,,,,,
2.837063E1,,,,,,,,,,,,
2.840396E1,,,4.188976E-4,1.507067E-3,,,,,,,,
2.843730E1,,,5.879656E-4,1.902198E-3,,,,,,,,
2.847064E1,,,1.197760E-3,1.360797E-3,,,,,,,,
2.850398E1,,,1.197760E-3,1.360797E-3,,,,,,,,
2.853732E1,,,1.197760E-3,1.360797E-3,,,,,,,,
2.857065E1,,,1.378227E-3,1.564062E-3,,,,,,,,
2.860399E1,,,2.326157E-3,1.812922E-3,,,,,,,,
2.863733E1,,,2.709888E-3,1.835720E-3,,,,,,,,
2.867067E1,,,4.662743E-3,1.374112E-3,,,,,,,,
2.870401E1,,,6.389535E-3,1.476702E-3,,,,,,,,
2.873734E1,,,9.301719E-3,1.072089E-3,,,,,,,,
2.877068E1,,,1.313903E-2,1.300068E-3,,,,,,,,
2.880402E1,,,1.720241E-2,9.638476E-4,,,,,,,,
2.883736E1,,,2.143486E-2,1.022758E-3,,,,,,,,
2.887070E1,,,2.815016E-2,1.421721E-3,,,,,,,,
2.890403E1,,,3.374847E-2,1.176692E-3,,,,,,,,
2.893737E1,,,3.952724E-2,1.134929E-3,,,,,,,,
2.897071E1,,,4.798073E-2,1.444616E-3,,,,,,,,
2.900405E1,,,5.531723E-2,1.110312E-3,,,,,,,,
2.903739E1,,,6.433492E-2,1.646061E-3,,,,,,,,
2.907072E1,,,7.355588E-2,2.001344E-3,,,,,,,,
2.910406E1,,,8.343223E-2,1.047763E-3,,,,,,,,
2.913740E1,,,9.223525E-2,1.955845E-3,,,,,,,,
2.917074E1,,,1.049782E-1,1.365114E-3,,,,,,,,
2.920408E1,,,1.163097E-1,1.845785E-3,,,,,,,,
2.923741E1,,,1.294591E-1,8.941202E-4,,,,,,,,
2.927075E1,,,1.423369E-1,1.274117E-3,,,,,,,,
2.930409E1,,,1.558131E-1,1.304579E-3,,,,,,,,
2.933743E1,,,1.698763E-1,1.177371E-3,,,,,,,,
2.937077E1,,,1.842663E-1,2.032291E-3,,,,,,,,
2.940410E1,,,1.993002E-1,1.770213E-3,,,,,,,,
2.943744E1,,,2.158577E-1,1.791192E-3,,,,,,,,
2.947078E1,,,2.328102E-1,1.643103E-3,,,,,,,,
2.950412E1,,,2.495938E-1,1.099883E-3,,,,,,,,
2.953746E1,,,2.662747E-1,2.283456E-3,,,,,,,,
2.957079E1,,,2.851573E-1,2.057490E-3,,,,,,,,
2.960413E1,,,3.042432E-1,1.651058E-3,,,,,,,,
2.963747E1,,,3.248299E-1,1.911414E-3,,,,,,,,
2.967081E1,,,3.444800E-1,1.731044E-3,,,,,,,,
2.970415E1,,,3.669625E-1,2.489121E-3,,,,,,,,
2.973748E1,,,3.876403E-1,1.214551E-3,,,,,,,,
2.977082E1,,,4.120300E-1,2.278484E-3,,,,,,,,
2.980416E1,,,4.336330E-1,1.636506E-3,,,,,,,,
2.983750E1,,,4.540848E-1,9.261343E-4,,,,,,,,
2.987084E1,,,4.773347E-1,1.729807E-3,,,,,,,,
2.990417E1,,,5.017701E-1,2.026276E-3,,,,,,,,
2.993751E1,,,5.254949E-1,1.317821E-3,,,,,,,,
2.997085E1,,,5.516343E-1,2.100612E-3,,,,,,,,
3.000419E1,,,5.786874E-1,3.707861E-3,,,,,,,,
3.003753E1,,,6.105276E-1,2.518831E-3,,,,,,,,
3.007086E1,,,6.332476E-1,2.520844E-3,,,,,,,,
3.010420E1,,,6.600309E-1,2.186638E-3,,,,,,,,
3.013754E1,,,6.911702E-1,3.073935E-3,,,,,,,,
3.017088E1,,,7.214755E-1,1.793714E-3,,,,,,,,
3.020422E1,,,7.501205E-1,2.532825E-3,,,,,,,,
3.023755E1,,,7.798046E-1,1.985871E-3,,,,,,,,
3.027089E1,,,8.081000E-1,2.126587E-3,,,,,,,,
3.030423E1,,,8.400638E-1,2.100151E-3,,,,,,,,
3.033757E1,,,8.745673E-1,1.454438E-3,,,,,,,,
3.037091E1,,,9.055603E-1,1.562874E-3,,,,,,,,
3.040424E1,,,9.400525E-1,1.109027E-3,,,,,,,,
3.043758E1,,,9.729755E-1,1.139585E-3,,,,,,,,
3.047092E1,,,1.007050E0,1.238538E-3,,,,,,,,
3.050426E1,,,1.045571E0,1.024068E-3,,,,,,,,
3.053760E1,,,1.079657E0,9.311548E-4,,,,,,,,
3.057093E1,,,1.116835E0,6.368927E-4,,,,,,,,
3.060427E1,,,1.151473E0,9.619077E-4,,,,,,,,
3.063761E1,,,,,,,,,,,,
3.067095E1,,,,,,,,,,,,
3.070429E1,,,,,,,,,,,,
3.073762E1,,,,,,,,,,,,
3.077096E1,,,,,,,,,,,,
3.080430E1,,,,,,,,,,,,
3.083764E1,,,,,,,,,,,,
3.087098E1,,,,,,,,,,,,
3.090431E1,,,,,,,,,,,,
3.093765E1,,,,,,,,,,,,
3.097099E1,,,,,,,,,,,,
3.100433E1,,,,,,,,,,,,
3.103766E1,,,,,,,,,,,,
3.107100E1,,,,,,,,,,,,
3.110434E1,,,,,,,,,,,,
3.113768E1,,,,,,,,,,,,
3.117102E1,,,,,,,,,,,,
3.120435E1,,,,,,,,,,,,
3.123769E1,,,,,,,,,,,,
3.127103E1,,,,,,,,,,,,
3.130437E1,,,,,,,,,,,,
3.133771E1,,,,,,,,,,,,
3.137104E1,,,,,,,,,,,,
3.140438E1,,,,,,,,,,,,
3.143772E1,,,,,,,,,,,,
3.147106E1,,,,,,,,,,,,
3.150440E1,,,,,,,,,,,,
3.153773E1,,,,,,,,,,,,
3.157107E1,,,,,,,,,,,,
3.160441E1,,,,,,,,,,,,
3.163775E1,,,,,,,,,,,,
3.167109E1,,,,,,,,,,,,
3.170442E1,,,,,,,,,,,,
3.173776E1,,,,,,,,,,,,
3.177110E1,,,,,,,,,,,,
3.180444E1,,,,,,,,,,,,
3.183778E1,,,,,,,,,,,,
3.187111E1,,,,,,,,,,,,
3.190445E1,,,,,,,,,,,,
3.193779E1,,,,,,,,,,,,
3.197113E1,,,,,,,,,,,,
3.200447E1,,,,,,,,,,,,
3.203780E1,,,,,,,,,,,,
3.207114E1,,,,,,,,,,,,
3.210448E1,,,,,,,,,,,,
3.213782E1,,,,,,,,,,,,
3.217116E1,,,,,,,,,,,,
3.220449E1,,,,,,,,,,,,
3.223783E1,,,,,,,,,,,,
3.227117E1,,,,,,,,,,,,
3.230451E1,,,,,,,,,,,,
3.233785E1,,,,,,,,,,,,
3.237118E1,,,,,,,,,,,,
3.240452E1,,,,,,,,,,,,
3.243786E1,,,,,,,,,,,,
3.247120E1,,,,,,,,,,,,
3.250454E1,,,,,,,,,,,,
3.253787E1,,,,,,,,,,,,
3.257121E1,,,,,,,,,,,,
3.260455E1,,,,,,,,,,,,
3.263789E1,,,,,,,,,,,,
3.267123E1,,,,,,,,,,,,
3.270456E1,,,,,,,,,,,,
3.273790E1,,,,,,,,,,,,
3.277124E1,,,,,,,,,,,,
3.280458E1,,,,,,,,,,,,
3.283792E1,,,,,,,,,,,,
3.287125E1,,,,,,,,,,,,
3.290459E1,,,,,,,,,,,,
3.293793E1,,,,,,,,,,,,
3.297127E1,,,,,,,,,,,,
3.300461E1,,,,,,,,,,,,
3.303794E1,,,,,,,,,,,,
3.307128E1,,,,,,,,,,,,
3.310462E1,,,,,,,,,,,,
3.313796E1,,,,,,,,,,,,
3.317130E1,,,,,,,,,,,,
3.320463E1,,,,,,,,,,,,
3.323797E1,,,,,,,,,,,,
3.327131E1,,,,,,,,,,,,
3.330465E1,,,,,,,,,,,,
3.333799E1,,,,,,,,,,,,
3.337132E1,,,,,,,,,,,,
3.340466E1,,,,,,,,,,,,
3.343800E1,,,,,,,,,,,,
3.347134E1,,,,,,,,,,,,
3.350468E1,,,,,,,,,,,,
3.353801E1,,,,,,,,,,,,
3.357135E1,,,,,,,,,,,,
3.360469E1,,,,,,,,,,,,
3.363803E1,,,,,,,,,,,,
3.367137E1,,,,,,,,,,,,
3.370470E1,,,,,,,,,,,,
3.373804E1,,,,,,,,,,,,
3.377138E1,,,,,,,,,,,,
3.380472E1,,,,,,,,,,,,
3.383806E1,,,,,,,,,,,,
3.387139E1,,,,,,,,,,,,
3.390473E1,,,,,,,,,,,,
3.393807E1,,,,,,,,,,,,
3.397141E1,,,,,,,,,,,,
3.400475E1,,,,,,,,,,,,
3.403808E1,,,,,,,,,,,,
3.407142E1,,,,,,,,,,,,
3.410476E1,,,,,,,,,,,,
3.413810E1,,,,,,,,,,,,
3.417144E1,,,,,,,,,,,,
3.420477E1,,,,,,,,,,,,
3.423811E1,,,,,,,,,,,,
3.427145E1,,,,,,,,,,,,
3.430479E1,,,,,,,,,,,,
3.433813E1,,,,,,,,,,,,
3.437146E1,,,,,,,,,,,,
3.440480E1,,,,,,,,,,,,
3.443814E1,,,,,,,,,,,,
3.447148E1,,,,,,,,,,,,
3.450482E1,,,,,,,,,,,,
3.453815E1,,,,,,,,,,,,
3.457149E1,,,,,,,,,,,,
3.460483E1,,,,,,,,,,,,
3.463817E1,,,,,,,,,,,,
3.467151E1,,,,,,,,,,,,
3.470484E1,,,,,,,,,,,,
3.473818E1,,,,,,,,,,,,
3.477152E1,,,,,,,,,,,,
3.480486E1,,,,,,,,,,,,
3.483820E1,,,,,,,,,,,,
3.487153E1,,,,,,,,,,,,
3.490487E1,,,,,,,,,,,,
3.493821E1,,,,,,,,,,,,
3.497155E1,,,,,,,,,,,,
3.500489E1,,,,,,,,,,,,
3.503822E1,,,,,,,,,,,,
3.507156E1,,,,,,,,,,,,
3.510490E1,,,,,,,,,,,,
3.513824E1,,,,,,,,,,,,
3.517158E1,,,,,,,,,,,,
3.520491E1,,,,,,,,,,,,
3.523825E1,,,,,,,,,,,,
3.527159E1,,,,,,,,,,,,
3.530493E1,,,,,,,,,,,,
3.533827E1,,,,,,,,,,,,
3.537160E1,,,,,,,,,,,,
3.540494E1,,,,,,,,,,,,
3.543828E1,,,,,,,,,,,,
3.547162E1,,,,,,,,,,,,
3.550496E1,,,,,,,,,,,,
3.553829E1,,,,,,,,,,,,
3.557163E1,,,,,,,,,,,,
3.560497E1,,,,,,,,,,,,
3.563831E1,,,,,,,,,,,,
3.567165E1,,,,,,,,,,,,
3.570498E1,,,,,,,,,,,,
3.573832E1,,,,,,,,,,,,
3.577166E1,,,,,,,,,,,,
3.580500E1,,,,,,,,,,,,
3.583833E1,,,,,,,,,,,,
3.587167E1,,,,,,,,,,,,
3.590501E1,,,,,,,,,,,,
3.593835E1,,,,,,,,,,,,
3.597169E1,,,,,,,,,,,,
3.600502E1,,,,,,,,,,,,
3.603836E1,,,,,,,,,,,,
3.607170E1,,,,,,,,,,,,
3.610504E1,,,,,,,,,,,,
3.613838E1,,,,,,,,,,,,
3.617171E1,,,,,,,,,,,,
3.620505E1,,,,,,,,,,,,
3.623839E1,,,,,,,,,,,,
3.627173E1,,,,,,,,,,,,
3.630507E1,,,,,,,,,,,,
3.633840E1,,,,,,,,,,,,
3.637174E1,,,,,,,,,,,,
3.640508E1,,,,,,,,,,,,
3.643842E1,,,,,,,,,,,,
3.647176E1,,,,,,,,,,,,
3.650509E1,,,,,,,,,,,,
3.653843E1,,,,,,,,,,,,
3.657177E1,,,,,,,,,,,,
3.660511E1,,,,,,,,,,,,
3.663845E1,,,,,,,,,,,,
3.667178E1,,,,,,,,,,,,
3.670512E1,,,,,,,,,,,,
3.673846E1,,,,,,,,,,,,
3.677180E1,,,,,,,,,,,,
3.680514E1,,,,,9.146325E-4,1.244011E-3,,,,,,
3.683847E1,,,,,5.436952E-4,1.761177E-3,,,,,,
3.687181E1,,,,,1.646030E-3,1.394449E-3,,,,,,
3.690515E1,,,,,2.938127E-3,1.471214E-3,,,,,,
3.693849E1,,,,,4.243017E-3,1.332629E-3,,,,,,
3.697183E1,,,,,6.624654E-3,1.258015E-3,,,,,,
3.700516E1,,,,,9.639545E-3,1.437132E-3,,,,,,
3.703850E1,,,,,1.352863E-2,1.452077E-3,,,,,,
3.707184E1,,,,,1.721516E-2,1.238878E-3,,,,,,
3.710518E1,,,,,2.282703E-2,1.356176E-3,,,,,,
3.713852E1,,,,,2.881843E-2,2.360459E-3,,,,,,
3.717185E1,,,,,3.427893E-2,1.388215E-3,,,,,,
3.720519E1,,,,,4.355175E-2,1.723013E-3,,,,,,
3.723853E1,,,,,4.940456E-2,1.422406E-3,,,,,,
3.727187E1,,,,,5.735970E-2,2.111137E-3,,,,,,
3.730521E1,,,,,6.626579E-2,1.343599E-3,,,,,,
3.733854E1,,,,,7.553860E-2,1.678397E-3,,,,,,
3.737188E1,,,,,8.529330E-2,1.177385E-3,,,,,,
3.740522E1,,,,,9.608635E-2,1.386392E-3,,,,,,
3.743856E1,,,,,1.081971E-1,1.241464E-3,,,,,,
3.747190E1,,,,,1.192311E-1,1.032566E-3,,,,,,
3.750523E1,,,,,1.321137E-1,2.446261E-3,,,,,,
3.753857E1,,,,,1.457958E-1,1.314146E-3,,,,,,
3.757191E1,,,,,1.592242E-1,8.152843E-4,,,,,,
3.760525E1,,,,,1.738296E-1,2.331332E-3,,,,,,
3.763859E1,,,,,1.892218E-1,1.516919E-3,,,,,,
3.767192E1,,,,,2.037397E-1,8.666785E-4,,,,,,
3.770526E1,,,,,2.183451E-1,2.382726E-3,,,,,,
3.773860E1,,,,,2.380315E-1,2.039545E-3,,,,,,
3.777194E1,,,,,2.546773E-1,1.947944E-3,,,,,,
3.780528E1,,,,,2.728435E-1,1.730553E-3,,,,,,
3.783861E1,,,,,2.909840E-1,1.943861E-3,,,,,,
3.787195E1,,,,,3.104678E-1,1.372536E-3,,,,,,
3.790529E1,,,,,3.314078E-1,1.752167E-3,,,,,,
3.793863E1,,,,,3.514993E-1,1.865272E-3,,,,,,
3.797197E1,,,,,3.726419E-1,2.473047E-3,,,,,,
3.800530E1,,,,,3.932025E-1,1.965693E-3,,,,,,
3.803864E1,,,,,4.168291E-1,7.760582E-4,,,,,,
3.807198E1,,,,,4.394791E-1,1.473392E-3,,,,,,
3.810532E1,,,,,4.625471E-1,2.411663E-3,,,,,,
3.813866E1,,,,,4.867558E-1,2.337157E-3,,,,,,
3.817199E1,,,,,5.109517E-1,2.478001E-3,,,,,,
3.820533E1,,,,,5.371625E-1,1.441896E-3,,,,,,
3.823867E1,,,,,5.627017E-1,7.981076E-4,,,,,,
3.827201E1,,,,,5.883282E-1,2.320607E-3,,,,,,
3.830535E1,,,,,6.134367E-1,1.651230E-3,,,,,,
3.833868E1,,,,,6.428010E-1,2.099133E-3,,,,,,
3.837202E1,,,,,6.668071E-1,1.796484E-3,,,,,,
3.840536E1,,,,,6.989326E-1,3.056758E-3,,,,,,
3.843870E1,,,,,7.266252E-1,2.540910E-3,,,,,,
3.847204E1,,,,,7.573200E-1,2.419530E-3,,,,,,
3.850537E1,,,,,7.892940E-1,2.590263E-3,,,,,,
3.853871E1,,,,,8.184686E-1,2.594673E-3,,,,,,
3.857205E1,,,,,8.476431E-1,2.599083E-3,,,,,,
3.860539E1,,,,,8.831011E-1,2.328474E-3,,,,,,
3.863873E1,,,,,9.167852E-1,2.816909E-3,,,,,,
3.867206E1,,,,,9.496206E-1,3.038819E-3,,,,,,
3.870540E1,,,,,9.872449E-1,2.680802E-3,,,,,,
3.873874E1,,,,,1.020144E0,1.825965E-3,,,,,,
3.877208E1,,,,,1.054905E0,2.378371E-3,,,,,,
3.880542E1,,,,,1.091237E0,1.943589E-3,,,,,,
3.883875E1,,,,,1.126657E0,2.319028E-3,,,,,,
3.887209E1,,,,,1.163648E0,1.707279E-3,,,,,,
3.890543E1,,,,,,,,,,,,
3.893877E1,,,,,,,,,,,,
3.897211E1,,,,,,,,,,,,
3.900544E1,,,,,,,,,,,,
3.903878E1,,,,,,,,,,,,
3.907212E1,,,,,,,,,,,,
3.910546E1,,,,,,,,,,,,
3.913880E1,,,,,,,,,,,,
3.917213E1,,,,,,,,,,,,
3.920547E1,,,,,,,,,,,,
3.923881E1,,,,,,,,,,,,
3.927215E1,,,,,,,,,,,,
3.930549E1,,,,,,,,,,,,
3.933882E1,,,,,,,,,,,,
3.937216E1,,,,,,,,,,,,
3.940550E1,,,,,,,,,,,,
3.943884E1,,,,,,,,,,,,
3.947218E1,,,,,,,,,,,,
3.950551E1,,,,,,,,,,,,
3.953885E1,,,,,,,,,,,,
3.957219E1,,,,,,,,,,,,
3.960553E1,,,,,,,,,,,,
3.963887E1,,,,,,,,,,,,
3.967220E1,,,,,,,,,,,,
3.970554E1,,,,,,,,,,,,
3.973888E1,,,,,,,,,,,,
3.977222E1,,,,,,,,,,,,
3.980556E1,,,,,,,,,,,,
3.983889E1,,,,,,,,,,,,
3.987223E1,,,,,,,,,,,,
3.990557E1,,,,,,,,,,,,
3.993891E1,,,,,,,,,,,,
3.997225E1,,,,,,,,,,,,
4.000558E1,,,,,,,,,,,,
4.003892E1,,,,,,,,,,,,
4.007226E1,,,,,,,,,,,,
4.010560E1,,,,,,,,,,,,
4.013894E1,,,,,,,,,,,,
4.017227E1,,,,,,,,,,,,
4.020561E1,,,,,,,,,,,,
4.023895E1,,,,,,,,,,,,
4.027229E1,,,,,,,,,,,,
4.030563E1,,,,,,,,,,,,
4.033896E1,,,,,,,,,,,,
4.037230E1,,,,,,,,,,,,
4.040564E1,,,,,,,,,,,,
4.043898E1,,,,,,,,,,,,
4.047232E1,,,,,,,,,,,,
4.050565E1,,,,,,,,,,,,
4.053899E1,,,,,,,,,,,,
4.057233E1,,,,,,,,,,,,
4.060567E1,,,,,,,,,,,,
4.063900E1,,,,,,,,,,,,
4.067234E1,,,,,,,,,,,,
4.070568E1,,,,,,,,,,,,
4.073902E1,,,,,,,,,,,,
4.077236E1,,,,,,,,,,,,
4.080569E1,,,,,,,,,,,,
4.083903E1,,,,,,,,,,,,
4.087237E1,,,,,,,,,,,,
4.090571E1,,,,,,,,,,,,
4.093905E1,,,,,,,,,,,,
4.097238E1,,,,,,,,,,,,
4.100572E1,,,,,,,,,,,,
4.103906E1,,,,,,,,,,,,
4.107240E1,,,,,,,,,,,,
4.110574E1,,,,,,,,,,,,
4.113907E1,,,,,,,,,,,,
4.117241E1,,,,,,,,,,,,
4.120575E1,,,,,,,,,,,,
4.123909E1,,,,,,,,,,,,
4.127243E1,,,,,,,,,,,,
4.130576E1,,,,,,,,,,,,
4.133910E1,,,,,,,,,,,,
4.137244E1,,,,,,,,,,,,
4.140578E1,,,,,,,,,,,,
4.143912E1,,,,,,,,,,,,
4.147245E1,,,,,,,,,,,,
4.150579E1,,,,,,,,,,,,
4.153913E1,,,,,,,,,,,,
4.157247E1,,,,,,,,,,,,
4.160581E1,,,,,,,,,,,,
4.163914E1,,,,,,,,,,,,
4.167248E1,,,,,,,,,,,,
4.170582E1,,,,,,,,,,,,
4.173916E1,,,,,,,,,,,,
4.177250E1,,,,,,,,,,,,
4.180583E1,,,,,,,,,,,,
4.183917E1,,,,,,,,,,,,
4.187251E1,,,,,,,,,,,,
4.190585E1,,,,,,,,,,,,
4.193919E1,,,,,,,,,,,,
4.197252E1,,,,,,,,,,,,
4.200586E1,,,,,,,,,,,,
4.203920E1,,,,,,,,,,,,
4.207254E1,,,,,,,,,,,,
4.210588E1,,,,,,,,,,,,
4.213921E1,,,,,,,,,,,,
4.217255E1,,,,,,,,,,,,
4.220589E1,,,,,,,,,,,,
4.223923E1,,,,,,,,,,,,
4.227257E1,,,,,,,,,,,,
4.230590E1,,,,,,,,,,,,
4.233924E1,,,,,,,,,,,,
4.237258E1,,,,,,,,,,,,
4.240592E1,,,,,,,,,,,,
4.243926E1,,,,,,,,,,,,
4.247259E1,,,,,,,,,,,,
4.250593E1,,,,,,,,,,,,
4.253927E1,,,,,,,,,,,,
4.257261E1,,,,,,,,,,,,
4.260595E1,,,,,,,,,,,,
4.263928E1,,,,,,,,,,,,
4.267262E1,,,,,,,,,,,,
4.270596E1,,,,,,,,,,,,
4.273930E1,,,,,,,,,,,,
4.277264E1,,,,,,,,,,,,
4.280597E1,,,,,,,,,,,,
4.283931E1,,,,,,,,,,,,
4.287265E1,,,,,,,,,,,,
4.290599E1,,,,,,,,,,,,
4.293933E1,,,,,,,,,,,,
4.297266E1,,,,,,,,,,,,
4.300600E1,,,,,,,,,,,,
4.303934E1,,,,,,,,,,,,
4.307268E1,,,,,,,,,,,,
4.310602E1,,,,,,,,,,,,
4.313935E1,,,,,,,,,,,,
4.317269E1,,,,,,,,,,,,
4.320603E1,,,,,,,,,,,,
4.323937E1,,,,,,,,,,,,
4.327271E1,,,,,,,,,,,,
4.330604E1,,,,,,,,,,,,
4.333938E1,,,,,,,,,,,,
4.337272E1,,,,,,,,,,,,
4.340606E1,,,,,,,,,,,,
4.343940E1,,,,,,,,,,,,
4.347273E1,,,,,,,,,,,,
4.350607E1,,,,,,,,,,,,
4.353941E1,,,,,,,,,,,,
4.357275E1,,,,,,,,,,,,
4.360609E1,,,,,,,,,,,,
4.363942E1,,,,,,,,,,,,
4.367276E1,,,,,,,,,,,,
4.370610E1,,,,,,,,,,,,
4.373944E1,,,,,,,,,,,,
4.377278E1,,,,,,,,,,,,
4.380611E1,,,,,,,,,,,,
4.383945E1,,,,,,,,,,,,
4.387279E1,,,,,,,,,,,,
4.390613E1,,,,,,,,,,,,
4.393947E1,,,,,,,,,,,,
4.397280E1,,,,,,,,,,,,
4.400614E1,,,,,,,,,,,,
4.403948E1,,,,,,,,,,,,
4.407282E1,,,,,,,,,,,,
4.410616E1,,,,,,,,,,,,
4.413949E1,,,,,,,1.088259E-3,6.777431E-4,,,,
4.417283E1,,,,,,,1.661304E-3,1.323178E-3,,,,
4.420617E1,,,,,,,1.661304E-3,1.323178E-3,,,,
4.423951E1,,,,,,,1.661304E-3,1.323178E-3,,,,
4.427285E1,,,,,,,3.829839E-3,8.406229E-4,,,,
4.430618E1,,,,,,,5.084514E-3,3.037741E-4,,,,
4.433952E1,,,,,,,7.180658E-3,1.039698E-3,,,,
4.437286E1,,,,,,,9.940335E-3,8.979582E-4,,,,
4.440620E1,,,,,,,1.327306E-2,1.401653E-3,,,,
4.443954E1,,,,,,,1.829190E-2,1.302849E-3,,,,
4.447287E1,,,,,,,2.328332E-2,9.510651E-4,,,,
4.450621E1,,,,,,,2.889520E-2,1.068363E-3,,,,
4.453955E1,,,,,,,3.430452E-2,9.575166E-4,,,,
4.457289E1,,,,,,,4.188013E-2,7.592624E-4,,,,
4.460623E1,,,,,,,4.943015E-2,9.917069E-4,,,,
4.463956E1,,,,,,,5.676483E-2,1.211357E-3,,,,
4.467290E1,,,,,,,6.644275E-2,2.002442E-3,,,,
4.470624E1,,,,,,,7.514629E-2,1.006760E-3,,,,
4.473958E1,,,,,,,8.502677E-2,2.025988E-3,,,,
4.477292E1,,,,,,,9.668122E-2,2.286171E-3,,,,
4.480625E1,,,,,,,1.072973E-1,1.836336E-3,,,,
4.483959E1,,,,,,,1.185083E-1,2.286280E-3,,,,
4.487293E1,,,,,,,1.304165E-1,1.913209E-3,,,,
4.490627E1,,,,,,,1.425144E-1,1.983632E-3,,,,
4.493961E1,,,,,,,1.574503E-1,1.574329E-3,,,,
4.497294E1,,,,,,,1.719171E-1,1.785486E-3,,,,
4.500628E1,,,,,,,1.868529E-1,1.376184E-3,,,,
4.503962E1,,,,,,,2.027888E-1,2.322948E-3,,,,
4.507296E1,,,,,,,2.169016E-1,1.216420E-3,,,,
4.510630E1,,,,,,,2.332938E-1,1.758074E-3,,,,
4.513963E1,,,,,,,2.503959E-1,1.261363E-3,,,,
4.517297E1,,,,,,,2.671932E-1,2.259304E-3,,,,
4.520631E1,,,,,,,2.858284E-1,1.421453E-3,,,,
4.523965E1,,,,,,,3.090605E-1,3.233916E-3,,,,
4.527298E1,,,,,,,3.274420E-1,3.029319E-3,,,,
4.530632E1,,,,,,,3.471667E-1,2.040089E-3,,,,
4.533966E1,,,,,,,3.686015E-1,1.368562E-3,,,,
4.537300E1,,,,,,,3.899594E-1,1.989130E-3,,,,
4.540634E1,,,,,,,4.115839E-1,1.761096E-3,,,,
4.543967E1,,,,,,,4.375154E-1,1.788943E-3,,,,
4.547301E1,,,,,,,4.582017E-1,2.801829E-3,,,,
4.550635E1,,,,,,,4.847921E-1,2.652709E-3,,,,
4.553969E1,,,,,,,5.070626E-1,2.463057E-3,,,,
4.557303E1,,,,,,,5.299152E-1,3.388534E-3,,,,
4.560636E1,,,,,,,5.550877E-1,1.642410E-3,,,,
4.563970E1,,,,,,,5.859722E-1,1.964522E-3,,,,
4.567304E1,,,,,,,6.102321E-1,1.028619E-3,,,,
4.570638E1,,,,,,,6.337947E-1,9.157318E-4,,,,
4.573972E1,,,,,,,6.671739E-1,2.898819E-3,,,,
4.577305E1,,,,,,,6.952844E-1,2.623909E-3,,,,
4.580639E1,,,,,,,7.218619E-1,2.690139E-3,,,,
4.583973E1,,,,,,,7.536846E-1,1.771331E-3,,,,
4.587307E1,,,,,,,7.841768E-1,1.421807E-3,,,,
4.590641E1,,,,,,,8.124004E-1,2.882486E-3,,,,
4.593974E1,,,,,,,8.428542E-1,3.179010E-3,,,,
4.597308E1,,,,,,,8.755383E-1,2.311379E-3,,,,
4.600642E1,,,,,,,9.105784E-1,1.799832E-3,,,,
4.603976E1,,,,,,,9.421346E-1,1.729628E-3,,,,
4.607310E1,,,,,,,9.775798E-1,1.674368E-3,,,,
4.610643E1,,,,,,,1.012151E0,1.783281E-3,,,,
4.613977E1,,,,,,,1.047799E0,1.956165E-3,,,,
4.617311E1,,,,,,,1.085410E0,1.813497E-3,,,,
4.620645E1,,,,,,,1.118030E0,2.022613E-3,,,,
4.623979E1,,,,,,,1.159316E0,1.882096E-3,,,,
4.627312E1,,,,,,,,,,,,
4.630646E1,,,,,,,,,,,,
4.633980E1,,,,,,,,,,,,
4.637314E1,,,,,,,,,,,,
4.640648E1,,,,,,,,,,,,
4.643981E1,,,,,,,,,,,,
4.647315E1,,,,,,,,,,,,
4.650649E1,,,,,,,,,,,,
4.653983E1,,,,,,,,,,,,
4.657317E1,,,,,,,,,,,,
4.660650E1,,,,,,,,,,,,
4.663984E1,,,,,,,,,,,,
4.667318E1,,,,,,,,,,,,
4.670652E1,,,,,,,,,,,,
4.673986E1,,,,,,,,,,,,
4.677319E1,,,,,,,,,,,,
4.680653E1,,,,,,,,,,,,
4.683987E1,,,,,,,,,,,,
4.687321E1,,,,,,,,,,,,
4.690655E1,,,,,,,,,,,,
4.693988E1,,,,,,,,,,,,
4.697322E1,,,,,,,,,,,,
4.700656E1,,,,,,,,,,,,
4.703990E1,,,,,,,,,,,,
4.707324E1,,,,,,,,,,,,
4.710657E1,,,,,,,,,,,,
4.713991E1,,,,,,,,,,,,
4.717325E1,,,,,,,,,,,,
4.720659E1,,,,,,,,,,,,
4.723993E1,,,,,,,,,,,,
4.727326E1,,,,,,,,,,,,
4.730660E1,,,,,,,,,,,,
4.733994E1,,,,,,,,,,,,
4.737328E1,,,,,,,,,,,,
4.740662E1,,,,,,,,,,,,
4.743995E1,,,,,,,,,,,,
4.747329E1,,,,,,,,,,,,
4.750663E1,,,,,,,,,,,,
4.753997E1,,,,,,,,,,,,
4.757331E1,,,,,,,,,,,,
4.760664E1,,,,,,,,,,,,
4.763998E1,,,,,,,,,,,,
4.767332E1,,,,,,,,,,,,
4.770666E1,,,,,,,,,,,,
4.774000E1,,,,,,,,,,,,
4.777333E1,,,,,,,,,,,,
4.780667E1,,,,,,,,,,,,
4.784001E1,,,,,,,,,,,,
4.787335E1,,,,,,,,,,,,
4.790669E1,,,,,,,,,,,,
4.794002E1,,,,,,,,,,,,
4.797336E1,,,,,,,,,,,,
4.800670E1,,,,,,,,,,,,
4.804004E1,,,,,,,,,,,,
4.807338E1,,,,,,,,,,,,
4.810671E1,,,,,,,,,,,,
4.814005E1,,,,,,,,,,,,
4.817339E1,,,,,,,,,,,,
4.820673E1,,,,,,,,,,,,
4.824007E1,,,,,,,,,,,,
4.827340E1,,,,,,,,,,,,
4.830674E1,,,,,,,,,,,,
4.834008E1,,,,,,,,,,,,
4.837342E1,,,,,,,,,,,,
4.840676E1,,,,,,,,,,,,
4.844009E1,,,,,,,,,,,,
4.847343E1,,,,,,,,,,,,
4.850677E1,,,,,,,,,,,,
4.854011E1,,,,,,,,,,,,
4.857345E1,,,,,,,,,,,,
4.860678E1,,,,,,,,,,,,
4.864012E1,,,,,,,,,,,,
4.867346E1,,,,,,,,,,,,
4.870680E1,,,,,,,,,,,,
4.874014E1,,,,,,,,,,,,
4.877347E1,,,,,,,,,,,,
4.880681E1,,,,,,,,,,,,
4.884015E1,,,,,,,,,,,,
4.887349E1,,,,,,,,,,,,
4.890683E1,,,,,,,,,,,,
4.894016E1,,,,,,,,,,,,
4.897350E1,,,,,,,,,,,,
4.900684E1,,,,,,,,,,,,
4.904018E1,,,,,,,,,,,,
4.907352E1,,,,,,,,,,,,
4.910685E1,,,,,,,,,,,,
4.914019E1,,,,,,,,,,,,
4.917353E1,,,,,,,,,,,,
4.920687E1,,,,,,,,,,,,
4.924021E1,,,,,,,,,,,,
4.927354E1,,,,,,,,,,,,
4.930688E1,,,,,,,,,,,,
4.934022E1,,,,,,,,,,,,
4.937356E1,,,,,,,,,,,,
4.940690E1,,,,,,,,,,,,
4.944023E1,,,,,,,,,,,,
4.947357E1,,,,,,,,,,,,
4.950691E1,,,,,,,,,,,,
4.954025E1,,,,,,,,,,,,
4.957359E1,,,,,,,,,,,,
4.960692E1,,,,,,,,,,,,
4.964026E1,,,,,,,,,,,,
4.967360E1,,,,,,,,,,,,
4.970694E1,,,,,,,,,,,,
4.974028E1,,,,,,,,,,,,
4.977361E1,,,,,,,,,,,,
4.980695E1,,,,,,,,,,,,
4.984029E1,,,,,,,,,,,,
4.987363E1,,,,,,,,,,,,
4.990697E1,,,,,,,,,,,,
4.994030E1,,,,,,,,,,,,
4.997364E1,,,,,,,,,,,,
5.000698E1,,,,,,,,,,,,
5.004032E1,,,,,,,,,,,,
5.007365E1,,,,,,,,,,,,
5.010699E1,,,,,,,,,,,,
5.014033E1,,,,,,,,,,,,
5.017367E1,,,,,,,,,,,,
5.020701E1,,,,,,,,,,,,
5.024034E1,,,,,,,,,,,,
5.027368E1,,,,,,,,,,,,
5.030702E1,,,,,,,,,,,,
5.034036E1,,,,,,,,,,,,
5.037370E1,,,,,,,,,,,,
5.040703E1,,,,,,,,,,,,
5.044037E1,,,,,,,,,,,,
5.047371E1,,,,,,,,,,,,
5.050705E1,,,,,,,,,,,,
5.054039E1,,,,,,,,,,,,
5.057372E1,,,,,,,,,,,,
5.060706E1,,,,,,,,,,,,
5.064040E1,,,,,,,,,,,,
5.067374E1,,,,,,,,,,,,
5.070708E1,,,,,,,,,,,,
5.074041E1,,,,,,,,,,,,
5.077375E1,,,,,,,,,,,,
5.080709E1,,,,,,,,,2.020403E-3,2.079997E-3,,
5.084043E1,,,,,,,,,2.066005E-3,1.312415E-3,,
5.087377E1,,,,,,,,,2.066005E-3,1.312415E-3,,
5.090710E1,,,,,,,,,2.066005E-3,1.312415E-3,,
5.094044E1,,,,,,,,,2.066005E-3,1.312415E-3,,
5.097378E1,,,,,,,,,2.066005E-3,1.312415E-3,,
5.100712E1,,,,,,,,,2.066005E-3,1.312415E-3,,
5.104046E1,,,,,,,,,2.066005E-3,1.312415E-3,,
5.107379E1,,,,,,,,,7.891274E-3,5.030632E-4,,
5.110713E1,,,,,,,,,1.057781E-2,6.626729E-4,,
5.114047E1,,,,,,,,,1.439292E-2,1.274478E-3,,
5.117381E1,,,,,,,,,2.053357E-2,1.639300E-3,,
5.120715E1,,,,,,,,,2.360390E-2,1.821711E-3,,
5.124048E1,,,,,,,,,2.965619E-2,2.083595E-3,,
5.127382E1,,,,,,,,,3.577211E-2,1.233860E-3,,
5.130716E1,,,,,,,,,4.160319E-2,1.095054E-3,,
5.134050E1,,,,,,,,,4.962450E-2,8.437546E-4,,
5.137384E1,,,,,,,,,5.834238E-2,1.119074E-3,,
5.140717E1,,,,,,,,,6.751506E-2,1.906650E-3,,
5.144051E1,,,,,,,,,7.674520E-2,1.727168E-3,,
5.147385E1,,,,,,,,,8.644450E-2,1.818177E-3,,
5.150719E1,,,,,,,,,9.713959E-2,1.483111E-3,,
5.154053E1,,,,,,,,,1.073224E-1,1.602848E-3,,
5.157386E1,,,,,,,,,1.187492E-1,1.868376E-3,,
5.160720E1,,,,,,,,,1.324825E-1,-1.251372E-4,,
5.164054E1,,,,,,,,,1.460368E-1,8.962411E-4,,
5.167388E1,,,,,,,,,1.587424E-1,1.651094E-3,,
5.170722E1,,,,,,,,,1.729938E-1,1.849457E-3,,
5.174055E1,,,,,,,,,1.874862E-1,1.629915E-3,,
5.177389E1,,,,,,,,,2.014967E-1,2.246183E-3,,
5.180723E1,,,,,,,,,2.188526E-1,1.116218E-3,,
5.184057E1,,,,,,,,,2.354601E-1,1.670666E-3,,
5.187391E1,,,,,,,,,2.557669E-1,1.796565E-3,,
5.190724E1,,,,,,,,,2.723744E-1,2.351013E-3,,
5.194058E1,,,,,,,,,2.887921E-1,2.461968E-3,,
5.197392E1,,,,,,,,,3.093399E-1,2.169963E-3,,
5.200726E1,,,,,,,,,3.272650E-1,2.370476E-3,,
5.204060E1,,,,,,,,,3.467488E-1,1.799151E-3,,
5.207393E1,,,,,,,,,3.696526E-1,1.863231E-3,,
5.210727E1,,,,,,,,,3.901876E-1,1.786575E-3,,
5.214061E1,,,,,,,,,4.150039E-1,2.396500E-3,,
5.217395E1,,,,,,,,,4.388331E-1,1.435009E-3,,
5.220729E1,,,,,,,,,4.603936E-1,2.283722E-3,,
5.224062E1,,,,,,,,,4.813209E-1,2.878702E-3,,
5.227396E1,,,,,,,,,5.073036E-1,2.045152E-3,,
5.230730E1,,,,,,,,,5.297255E-1,2.945041E-3,,
5.234064E1,,,,,,,,,5.587870E-1,1.213862E-3,,
5.237398E1,,,,,,,,,5.839701E-1,2.926122E-3,,
5.240731E1,,,,,,,,,6.136265E-1,2.094723E-3,,
5.244065E1,,,,,,,,,6.393426E-1,2.109776E-3,,
5.247399E1,,,,,,,,,6.689222E-1,2.570473E-3,,
5.250733E1,,,,,,,,,6.937642E-1,2.749699E-3,,
5.254067E1,,,,,,,,,7.192522E-1,2.967308E-3,,
5.257400E1,,,,,,,,,7.538744E-1,2.214824E-3,,
5.260734E1,,,,,,,,,7.815415E-1,2.129675E-3,,
5.264068E1,,,,,,,,,8.096264E-1,2.285464E-3,,
5.267402E1,,,,,,,,,8.448819E-1,1.786711E-3,,
5.270736E1,,,,,,,,,8.783122E-1,2.908401E-3,,
5.274069E1,,,,,,,,,9.065252E-1,9.106959E-4,,
5.277403E1,,,,,,,,,9.393606E-1,1.132606E-3,,
5.280737E1,,,,,,,,,9.791512E-1,6.871801E-4,,
5.284071E1,,,,,,,,,1.009162E0,1.173465E-3,,
5.287405E1,,,,,,,,,1.049142E0,1.171532E-3,,
5.290738E1,,,,,,,,,1.084587E0,1.116273E-3,,
5.294072E1,,,,,,,,,1.122312E0,2.709194E-3,,
5.297406E1,,,,,,,,,1.158316E0,5.260288E-4,,
5.300740E1,,,,,,,,,,,,
5.304074E1,,,,,,,,,,,,
5.307407E1,,,,,,,,,,,,
5.310741E1,,,,,,,,,,,,
5.314075E1,,,,,,,,,,,,
5.317409E1,,,,,,,,,,,,
5.320743E1,,,,,,,,,,,,
5.324076E1,,,,,,,,,,,,
5.327410E1,,,,,,,,,,,,
5.330744E1,,,,,,,,,,,,
5.334078E1,,,,,,,,,,,,
5.337412E1,,,,,,,,,,,,
5.340745E1,,,,,,,,,,,,
5.344079E1,,,,,,,,,,,,
5.347413E1,,,,,,,,,,,,
5.350747E1,,,,,,,,,,,,
5.354081E1,,,,,,,,,,,,
5.357414E1,,,,,,,,,,,,
5.360748E1,,,,,,,,,,,,
5.364082E1,,,,,,,,,,,,
5.367416E1,,,,,,,,,,,,
5.370750E1,,,,,,,,,,,,
5.374083E1,,,,,,,,,,,,
5.377417E1,,,,,,,,,,,,
5.380751E1,,,,,,,,,,,,
5.384085E1,,,,,,,,,,,,
5.387419E1,,,,,,,,,,,,
5.390752E1,,,,,,,,,,,,
5.394086E1,,,,,,,,,,,,
5.397420E1,,,,,,,,,,,,
5.400754E1,,,,,,,,,,,,
5.404088E1,,,,,,,,,,,,
5.407421E1,,,,,,,,,,,,
5.410755E1,,,,,,,,,,,,
5.414089E1,,,,,,,,,,,,
5.417423E1,,,,,,,,,,,,
5.420757E1,,,,,,,,,,,,
5.424090E1,,,,,,,,,,,,
5.427424E1,,,,,,,,,,,,
5.430758E1,,,,,,,,,,,,
5.434092E1,,,,,,,,,,,,
5.437426E1,,,,,,,,,,,,
5.440759E1,,,,,,,,,,,,
5.444093E1,,,,,,,,,,,,
5.447427E1,,,,,,,,,,,,
5.450761E1,,,,,,,,,,,,
5.454095E1,,,,,,,,,,,,
5.457428E1,,,,,,,,,,,,
5.460762E1,,,,,,,,,,,,
5.464096E1,,,,,,,,,,,,
5.467430E1,,,,,,,,,,,,
5.470764E1,,,,,,,,,,,,
5.474097E1,,,,,,,,,,,,
5.477431E1,,,,,,,,,,,,
5.480765E1,,,,,,,,,,,,
5.484099E1,,,,,,,,,,,,
5.487432E1,,,,,,,,,,,,
5.490766E1,,,,,,,,,,,,
5.494100E1,,,,,,,,,,,,
5.497434E1,,,,,,,,,,,,
5.500768E1,,,,,,,,,,,,
5.504101E1,,,,,,,,,,,,
5.507435E1,,,,,,,,,,,,
5.510769E1,,,,,,,,,,,,
5.514103E1,,,,,,,,,,,,
5.517437E1,,,,,,,,,,,,
5.520770E1,,,,,,,,,,,,
5.524104E1,,,,,,,,,,,,
5.527438E1,,,,,,,,,,,,
5.530772E1,,,,,,,,,,,,
5.534106E1,,,,,,,,,,,,
5.537439E1,,,,,,,,,,,,
5.540773E1,,,,,,,,,,,,
5.544107E1,,,,,,,,,,,,
5.547441E1,,,,,,,,,,,,
5.550775E1,,,,,,,,,,,,
5.554108E1,,,,,,,,,,,,
5.557442E1,,,,,,,,,,,,
5.560776E1,,,,,,,,,,,,
5.564110E1,,,,,,,,,,,,
5.567444E1,,,,,,,,,,,,
5.570777E1,,,,,,,,,,,,
5.574111E1,,,,,,,,,,,,
5.577445E1,,,,,,,,,,,,
5.580779E1,,,,,,,,,,,,
5.584113E1,,,,,,,,,,,,
5.587446E1,,,,,,,,,,,,
5.590780E1,,,,,,,,,,,,
5.594114E1,,,,,,,,,,,,
5.597448E1,,,,,,,,,,,,
5.600782E1,,,,,,,,,,,,
5.604115E1,,,,,,,,,,,,
5.607449E1,,,,,,,,,,,,
5.610783E1,,,,,,,,,,,,
5.614117E1,,,,,,,,,,,,
5.617451E1,,,,,,,,,,,,
5.620784E1,,,,,,,,,,,,
5.624118E1,,,,,,,,,,,,
5.627452E1,,,,,,,,,,,,
5.630786E1,,,,,,,,,,,,
5.634120E1,,,,,,,,,,,,
5.637453E1,,,,,,,,,,,,
5.640787E1,,,,,,,,,,,,
5.644121E1,,,,,,,,,,,,
5.647455E1,,,,,,,,,,,,
5.650789E1,,,,,,,,,,,,
5.654122E1,,,,,,,,,,,,
5.657456E1,,,,,,,,,,,,
5.660790E1,,,,,,,,,,,,
5.664124E1,,,,,,,,,,,,
5.667458E1,,,,,,,,,,,,
5.670791E1,,,,,,,,,,,,
5.674125E1,,,,,,,,,,,,
5.677459E1,,,,,,,,,,,,
5.680793E1,,,,,,,,,,,,
5.684127E1,,,,,,,,,,,,
5.687460E1,,,,,,,,,,,,
5.690794E1,,,,,,,,,,,,
5.694128E1,,,,,,,,,,,,
5.697462E1,,,,,,,,,,,,
5.700796E1,,,,,,,,,,,,
5.704129E1,,,,,,,,,,,,
5.707463E1,,,,,,,,,,,,
5.710797E1,,,,,,,,,,,,
5.714131E1,,,,,,,,,,,,
5.717465E1,,,,,,,,,,,,
5.720798E1,,,,,,,,,,,,
5.724132E1,,,,,,,,,,,,
5.727466E1,,,,,,,,,,,,
5.730800E1,,,,,,,,,,,,
5.734134E1,,,,,,,,,,,,
5.737467E1,,,,,,,,,,,,
5.740801E1,,,,,,,,,,,,
5.744135E1,,,,,,,,,,,,
5.747469E1,,,,,,,,,,,,
5.750803E1,,,,,,,,,,,,
5.754136E1,,,,,,,,,,,,
5.757470E1,,,,,,,,,,,,
5.760804E1,,,,,,,,,,,,
5.764138E1,,,,,,,,,,,,
5.767472E1,,,,,,,,,,,7.666872E-4,1.268343E-3
5.770805E1,,,,,,,,,,,3.522198E-3,1.088944E-3
5.774139E1,,,,,,,,,,,2.838398E-3,1.048319E-3
5.777473E1,,,,,,,,,,,2.838398E-3,1.048319E-3
5.780807E1,,,,,,,,,,,3.501885E-3,1.430844E-3
5.784141E1,,,,,,,,,,,5.532971E-3,1.894619E-3
5.787474E1,,,,,,,,,,,7.283095E-3,1.312383E-3
5.790808E1,,,,,,,,,,,1.072241E-2,1.173609E-3
5.794142E1,,,,,,,,,,,1.345760E-2,1.336110E-3
5.797476E1,,,,,,,,,,,1.860641E-2,1.298899E-3
5.800810E1,,,,,,,,,,,2.274984E-2,8.588501E-4
5.804143E1,,,,,,,,,,,2.920531E-2,1.928589E-3
5.807477E1,,,,,,,,,,,3.505823E-2,1.590103E-3
5.810811E1,,,,,,,,,,,3.847722E-2,1.793229E-3
5.814145E1,,,,,,,,,,,4.668282E-2,2.280731E-3
5.817479E1,,,,,,,,,,,5.740359E-2,8.590230E-4
5.820812E1,,,,,,,,,,,6.494570E-2,9.640002E-4
5.824146E1,,,,,,,,,,,7.214590E-2,1.048665E-3
5.827480E1,,,,,,,,,,,8.067308E-2,1.898379E-3
5.830814E1,,,,,,,,,,,9.000594E-2,7.373204E-4
5.834148E1,,,,,,,,,,,1.054321E-1,9.675873E-4
5.837481E1,,,,,,,,,,,1.150256E-1,1.194440E-3
5.840815E1,,,,,,,,,,,1.286572E-1,1.765781E-3
5.844149E1,,,,,,,,,,,1.390578E-1,1.619579E-3
5.847483E1,,,,,,,,,,,1.543225E-1,1.915178E-3
5.850817E1,,,,,,,,,,,1.679483E-1,1.502116E-3
5.854150E1,,,,,,,,,,,1.832130E-1,1.797716E-3
5.857484E1,,,,,,,,,,,1.983163E-1,2.236553E-3
5.860818E1,,,,,,,,,,,2.143877E-1,1.815965E-3
5.864152E1,,,,,,,,,,,2.305751E-1,2.013564E-3
5.867486E1,,,,,,,,,,,2.475240E-1,2.256400E-3
5.870819E1,,,,,,,,,,,2.658887E-1,1.819237E-3
5.874153E1,,,,,,,,,,,2.823807E-1,2.034931E-3
5.877487E1,,,,,,,,,,,3.031458E-1,2.351667E-3
5.880821E1,,,,,,,,,,,3.230242E-1,2.157264E-3
5.884155E1,,,,,,,,,,,3.420162E-1,1.451720E-3
5.887488E1,,,,,,,,,,,3.627722E-1,1.920741E-3
5.890822E1,,,,,,,,,,,3.830623E-1,2.514905E-3
5.894156E1,,,,,,,,,,,4.069454E-1,1.794309E-3
5.897490E1,,,,,,,,,,,4.296992E-1,2.076376E-3
5.900824E1,,,,,,,,,,,4.536894E-1,2.126252E-3
5.904157E1,,,,,,,,,,,4.764251E-1,2.712889E-3
5.907491E1,,,,,,,,,,,4.995015E-1,2.708481E-3
5.910825E1,,,,,,,,,,,5.259464E-1,2.598546E-3
5.914159E1,,,,,,,,,,,5.519524E-1,2.156898E-3
5.917493E1,,,,,,,,,,,5.774293E-1,2.906388E-3
5.920826E1,,,,,,,,,,,6.049944E-1,1.946074E-3
5.924160E1,,,,,,,,,,,6.311347E-1,1.818044E-3
5.927494E1,,,,,,,,,,,6.596753E-1,2.443912E-3
5.930828E1,,,,,,,,,,,6.848747E-1,2.718453E-3
5.934162E1,,,,,,,,,,,7.158082E-1,1.652611E-3
5.937495E1,,,,,,,,,,,7.450740E-1,2.932857E-3
5.940829E1,,,,,,,,,,,7.747802E-1,1.946921E-3
5.944163E1,,,,,,,,,,,8.065369E-1,2.458215E-3
5.947497E1,,,,,,,,,,,8.411961E-1,2.989124E-3
5.950831E1,,,,,,,,,,,8.712068E-1,2.021283E-3
5.954164E1,,,,,,,,,,,9.066545E-1,2.140574E-3
5.957498E1,,,,,,,,,,,9.347655E-1,2.282445E-3
5.960832E1,,,,,,,,,,,9.708857E-1,1.371930E-3
5.964166E1,,,,,,,,,,,1.002015E0,2.151604E-3
5.967499E1,,,,,,,,,,,1.039218E0,3.597744E-3
5.970833E1,,,,,,,,,,,1.074936E0,1.746377E-3
5.974167E1,,,,,,,,,,,1.112274E0,9.082416E-4
5.977501E1,,,,,,,,,,,1.146790E0,1.277818E-3
